[
  {
    "Id": "1451401",
    "ThreadId": "647123",
    "Html": "Open source. Under what license do you offer it?<br />\n",
    "PostedDate": "2015-11-09T03:30:34.69-08:00",
    "UserRole": null,
    "MarkedAsAnswerDate": null
  },
  {
    "Id": "1451402",
    "ThreadId": "647123",
    "Html": "Never mind. I didn't look far enough. I am new to CodePlex. Found your license.\r<br />\n<br />\nThanks for this app. Do you have plans to extend it?<br />\n",
    "PostedDate": "2015-11-09T03:32:54.027-08:00",
    "UserRole": null,
    "MarkedAsAnswerDate": null
  }
]