[
  {
    "Id": "0",
    "Name": "Initial Release 0.5.5.0",
    "DevelopmentStatus": "Alpha",
    "Description": "Initial release version",
    "ReleasedDatge": "0001-01-01T00:00:00",
    "ModifiedDate": "2013-01-06T05:03:10.517-08:00",
    "Files": [
      {
        "Id": "7fbf3593-6884-40c8-8681-b7590d74ad98",
        "FileName": "BatToExe_0.5.5.0_2013-01-06.zip",
        "Url": "./0/7fbf3593-6884-40c8-8681-b7590d74ad98",
        "Type": "Application",
        "UploadDate": "2013-01-06T05:03:10.47-08:00"
      },
      {
        "Id": "c6060009-ac93-495d-9e02-20fffabd1ffc",
        "FileName": "BatToExe_0.5.5.0_Source.zip",
        "Url": "./0/c6060009-ac93-495d-9e02-20fffabd1ffc",
        "Type": "Source Code",
        "UploadDate": "2013-01-06T05:03:10.487-08:00"
      }
    ]
  }
]