"Name","DNSHostName","Enabled","IPv4Address","Operating System","Logon Age (days)","Password Age (days)","Dormant (> 90 days)","Password Age (> 30 days)","Delegation Type","Delegation Protocol","Delegation Services","UserName","Primary Group ID","SID","SIDHistory","Description","Last Logon Date","Password LastSet","whenCreated","whenChanged","Distinguished Name"
"DC1","DC1.sos.labs","True","192.168.9.10","Windows Server 2016 Datacenter Evaluation 10.0 (14393)","0","26","False","False",,,,"DC1$","516","S-1-5-21-2872888145-3513486857-3924934394-1000","",,"28/08/2018 10:32:49 PM","2/08/2018 4:24:06 PM","16/03/2018 5:22:29 PM","28/08/2018 10:32:49 PM","CN=DC1,OU=Domain Controllers,DC=sos,DC=labs"
"WIN7X86","WIN7X86.sos.labs","True","192.168.9.101","Windows 7 Professional N Service Pack 1 6.1 (7601)","20","20","False","False",,,,"WIN7X86$","515","S-1-5-21-2872888145-3513486857-3924934394-1116","",,"8/08/2018 6:11:10 PM","8/08/2018 6:11:10 PM","18/03/2018 5:32:30 PM","8/08/2018 6:11:12 PM","CN=WIN7X86,OU=Workstations,DC=sos,DC=labs"
"WIN7X64-OFFICE","WIN7X64-OFFICE.sos.labs","True","192.168.9.103","Windows 7 Professional N Service Pack 1 6.1 (7601)","12","42","False","True",,,,"WIN7X64-OFFICE$","515","S-1-5-21-2872888145-3513486857-3924934394-1117","",,"16/08/2018 11:05:48 AM","17/07/2018 2:29:22 PM","18/03/2018 5:56:38 PM","16/08/2018 11:05:48 AM","CN=WIN7X64-OFFICE,OU=Workstations,DC=sos,DC=labs"
"WIN8-1X64","Win8-1x64.sos.labs","True","192.168.9.103","Windows 8.1 Pro 6.3 (9600)","163","163","True","True","Constrained","Kerberos","http/DC1.sos.labs/sos.labs,http/DC1.sos.labs,http/DC1,http/DC1.sos.labs/sos,http/DC1/sos","WIN8-1X64$","515","S-1-5-21-2872888145-3513486857-3924934394-1118","","Constrained Delegation, Kerberos","18/03/2018 6:08:05 PM","18/03/2018 6:08:05 PM","18/03/2018 6:08:05 PM","8/08/2018 6:56:45 PM","CN=WIN8-1X64,OU=Workstations,DC=sos,DC=labs"
"WIN10X64","Win10x64.sos.labs","True","192.168.9.104","Windows 10 Enterprise Evaluation 10.0 (16299)","152","152","True","True","Constrained","Any","www/DC1.sos.labs/sos.labs,www/DC1.sos.labs,www/DC1,www/DC1.sos.labs/sos,www/DC1/sos,cifs/Win8-1x64.sos.labs,cifs/WIN8-1X64","WIN10X64$","515","S-1-5-21-2872888145-3513486857-3924934394-1125","S-1-5-21-2872888145-3513486857-3924934394-1000,S-1-5-21-2872888145-3513486857-3924934394-1126","Constrained Delegation, Any and SIDHistory","28/03/2018 11:29:04 PM","28/03/2018 11:29:03 PM","28/03/2018 11:29:03 PM","8/08/2018 6:58:21 PM","CN=WIN10X64,OU=Workstations,DC=sos,DC=labs"
"WIN10","Win10.sos.labs","True","192.168.9.101","Windows 10 Pro 10.0 (10240)","144","144","True","True","Unconstrained","Kerberos","Any","WIN10$","515","S-1-5-21-2872888145-3513486857-3924934394-1126","","Unconstrained Delegation","5/04/2018 11:53:48 PM","5/04/2018 11:53:48 PM","5/04/2018 11:53:48 PM","8/08/2018 6:59:20 PM","CN=WIN10,OU=Workstations,DC=sos,DC=labs"
"WEV","WEV.sos.labs","True","192.168.9.102","Windows Server 2016 Standard Evaluation 10.0 (14393)","19","16","False","False",,,,"WEV$","515","S-1-5-21-2872888145-3513486857-3924934394-1128","",,"9/08/2018 7:20:14 AM","12/08/2018 5:14:22 AM","11/07/2018 7:49:58 PM","12/08/2018 5:14:22 AM","CN=WEV,CN=Computers,DC=sos,DC=labs"
