"DisplayName","Name","whenCreated","whenChanged","DistinguishedName","FilePath"
"Default Domain Policy","{31B2F340-016D-11D2-945F-00C04FB984F9}","16/03/2018 5:21:12 PM","16/03/2018 5:30:52 PM","CN={31B2F340-016D-11D2-945F-00C04FB984F9},CN=Policies,CN=System,DC=sos,DC=labs","\\sos.labs\sysvol\sos.labs\Policies\{31B2F340-016D-11D2-945F-00C04FB984F9}"
"Default Domain Controllers Policy","{6AC1786C-016F-11D2-945F-00C04fB984F9}","16/03/2018 5:21:12 PM","13/07/2018 2:38:17 PM","CN={6AC1786C-016F-11D2-945F-00C04fB984F9},CN=Policies,CN=System,DC=sos,DC=labs","\\sos.labs\sysvol\sos.labs\Policies\{6AC1786C-016F-11D2-945F-00C04fB984F9}"
"LAPS","{F3768285-65F2-4483-9050-0ED8E69A2ECB}","18/03/2018 5:37:07 PM","18/03/2018 5:48:08 PM","CN={F3768285-65F2-4483-9050-0ED8E69A2ECB},CN=Policies,CN=System,DC=sos,DC=labs","\\sos.labs\SysVol\sos.labs\Policies\{F3768285-65F2-4483-9050-0ED8E69A2ECB}"
"BitLocker","{36DDC97F-78D7-4A68-8EE9-E101EF56B324}","18/03/2018 6:02:05 PM","29/03/2018 1:47:40 AM","CN={36DDC97F-78D7-4A68-8EE9-E101EF56B324},CN=Policies,CN=System,DC=sos,DC=labs","\\sos.labs\SysVol\sos.labs\Policies\{36DDC97F-78D7-4A68-8EE9-E101EF56B324}"
"Windows Event Forwarding Server","{F5017D73-D6EA-464A-8F2E-8C5E5DCE8B6C}","11/07/2018 6:34:21 PM","11/07/2018 10:16:13 PM","CN={F5017D73-D6EA-464A-8F2E-8C5E5DCE8B6C},CN=Policies,CN=System,DC=sos,DC=labs","\\sos.labs\sysvol\sos.labs\Policies\{F5017D73-D6EA-464A-8F2E-8C5E5DCE8B6C}"
"Custom Event Channel Permissions","{5621D5FA-603B-44BB-8719-FAA5F26E8CE3}","11/07/2018 6:37:32 PM","11/07/2018 6:37:32 PM","CN={5621D5FA-603B-44BB-8719-FAA5F26E8CE3},CN=Policies,CN=System,DC=sos,DC=labs","\\sos.labs\sysvol\sos.labs\Policies\{5621D5FA-603B-44BB-8719-FAA5F26E8CE3}"
"Domain Controllers Enhanced Auditing Policy","{80C12234-9939-4F9B-BB17-7D50FDA95D92}","13/07/2018 2:23:42 PM","13/07/2018 2:23:43 PM","CN={80C12234-9939-4F9B-BB17-7D50FDA95D92},CN=Policies,CN=System,DC=sos,DC=labs","\\sos.labs\sysvol\sos.labs\Policies\{80C12234-9939-4F9B-BB17-7D50FDA95D92}"
