﻿<?xml version="1.0" encoding="utf-8"?>
<Objects>
  <Object>
    <Property>
      <Property Name="Policy">Enforce password history</Property>
      <Property Name="Value">0</Property>
    </Property>
    <Property>
      <Property Name="Policy">Maximum password age (days)</Property>
      <Property Name="Value">42</Property>
    </Property>
    <Property>
      <Property Name="Policy">Minimum password age (days)</Property>
      <Property Name="Value">0</Property>
    </Property>
    <Property>
      <Property Name="Policy">Minimum password length</Property>
      <Property Name="Value">0</Property>
    </Property>
    <Property>
      <Property Name="Policy">Password must meet complexity requirements</Property>
      <Property Name="Value">True</Property>
    </Property>
    <Property>
      <Property Name="Policy">Store password using reversible encryption for all users in the domain</Property>
      <Property Name="Value">False</Property>
    </Property>
    <Property>
      <Property Name="Policy">Account lockout duration (mins)</Property>
      <Property Name="Value">30</Property>
    </Property>
    <Property>
      <Property Name="Policy">Account lockout threshold</Property>
      <Property Name="Value">0</Property>
    </Property>
    <Property>
      <Property Name="Policy">Reset account lockout counter after (mins)</Property>
      <Property Name="Value">30</Property>
    </Property>
  </Object>
</Objects>