﻿<?xml version="1.0" encoding="utf-8"?>
<Objects>
  <Object>
    <Property>
      <Property Name="ZoneName">RootDNSServers</Property>
      <Property Name="Name">@</Property>
      <Property Name="RecordType">NS</Property>
      <Property Name="Data">M.ROOT-SERVERS.NET.</Property>
      <Property Name="TTL">0</Property>
      <Property Name="Age">0</Property>
      <Property Name="TimeStamp">[static]</Property>
      <Property Name="UpdatedAtSerial">0</Property>
      <Property Name="whenCreated">16/03/2018 5:23:09 PM</Property>
      <Property Name="whenChanged">16/03/2018 5:23:09 PM</Property>
      <Property Name="showInAdvancedViewOnly">True</Property>
      <Property Name="DistinguishedName">DC=@,DC=RootDNSServers,CN=MicrosoftDNS,CN=System,DC=sos,DC=labs</Property>
    </Property>
    <Property>
      <Property Name="ZoneName">RootDNSServers</Property>
      <Property Name="Name">A.ROOT-SERVERS.NET</Property>
      <Property Name="RecordType">AAAA</Property>
      <Property Name="Data">2001:0503:ba3e:0000:0000:0000:0002:0030</Property>
      <Property Name="TTL">0</Property>
      <Property Name="Age">0</Property>
      <Property Name="TimeStamp">[static]</Property>
      <Property Name="UpdatedAtSerial">0</Property>
      <Property Name="whenCreated">16/03/2018 5:23:09 PM</Property>
      <Property Name="whenChanged">16/03/2018 5:23:09 PM</Property>
      <Property Name="showInAdvancedViewOnly">True</Property>
      <Property Name="DistinguishedName">DC=A.ROOT-SERVERS.NET,DC=RootDNSServers,CN=MicrosoftDNS,CN=System,DC=sos,DC=labs</Property>
    </Property>
    <Property>
      <Property Name="ZoneName">RootDNSServers</Property>
      <Property Name="Name">B.ROOT-SERVERS.NET</Property>
      <Property Name="RecordType">AAAA</Property>
      <Property Name="Data">2001:0500:0084:0000:0000:0000:0000:000b</Property>
      <Property Name="TTL">0</Property>
      <Property Name="Age">0</Property>
      <Property Name="TimeStamp">[static]</Property>
      <Property Name="UpdatedAtSerial">0</Property>
      <Property Name="whenCreated">16/03/2018 5:23:09 PM</Property>
      <Property Name="whenChanged">16/03/2018 5:23:09 PM</Property>
      <Property Name="showInAdvancedViewOnly">True</Property>
      <Property Name="DistinguishedName">DC=B.ROOT-SERVERS.NET,DC=RootDNSServers,CN=MicrosoftDNS,CN=System,DC=sos,DC=labs</Property>
    </Property>
    <Property>
      <Property Name="ZoneName">RootDNSServers</Property>
      <Property Name="Name">C.ROOT-SERVERS.NET</Property>
      <Property Name="RecordType">AAAA</Property>
      <Property Name="Data">2001:0500:0002:0000:0000:0000:0000:000c</Property>
      <Property Name="TTL">0</Property>
      <Property Name="Age">0</Property>
      <Property Name="TimeStamp">[static]</Property>
      <Property Name="UpdatedAtSerial">0</Property>
      <Property Name="whenCreated">16/03/2018 5:23:09 PM</Property>
      <Property Name="whenChanged">16/03/2018 5:23:09 PM</Property>
      <Property Name="showInAdvancedViewOnly">True</Property>
      <Property Name="DistinguishedName">DC=C.ROOT-SERVERS.NET,DC=RootDNSServers,CN=MicrosoftDNS,CN=System,DC=sos,DC=labs</Property>
    </Property>
    <Property>
      <Property Name="ZoneName">RootDNSServers</Property>
      <Property Name="Name">D.ROOT-SERVERS.NET</Property>
      <Property Name="RecordType">AAAA</Property>
      <Property Name="Data">2001:0500:002d:0000:0000:0000:0000:000d</Property>
      <Property Name="TTL">0</Property>
      <Property Name="Age">0</Property>
      <Property Name="TimeStamp">[static]</Property>
      <Property Name="UpdatedAtSerial">0</Property>
      <Property Name="whenCreated">16/03/2018 5:23:09 PM</Property>
      <Property Name="whenChanged">16/03/2018 5:23:09 PM</Property>
      <Property Name="showInAdvancedViewOnly">True</Property>
      <Property Name="DistinguishedName">DC=D.ROOT-SERVERS.NET,DC=RootDNSServers,CN=MicrosoftDNS,CN=System,DC=sos,DC=labs</Property>
    </Property>
    <Property>
      <Property Name="ZoneName">RootDNSServers</Property>
      <Property Name="Name">E.ROOT-SERVERS.NET</Property>
      <Property Name="RecordType">A</Property>
      <Property Name="Data">192.203.230.10</Property>
      <Property Name="TTL">0</Property>
      <Property Name="Age">0</Property>
      <Property Name="TimeStamp">[static]</Property>
      <Property Name="UpdatedAtSerial">0</Property>
      <Property Name="whenCreated">16/03/2018 5:23:09 PM</Property>
      <Property Name="whenChanged">16/03/2018 5:23:09 PM</Property>
      <Property Name="showInAdvancedViewOnly">True</Property>
      <Property Name="DistinguishedName">DC=E.ROOT-SERVERS.NET,DC=RootDNSServers,CN=MicrosoftDNS,CN=System,DC=sos,DC=labs</Property>
    </Property>
    <Property>
      <Property Name="ZoneName">RootDNSServers</Property>
      <Property Name="Name">F.ROOT-SERVERS.NET</Property>
      <Property Name="RecordType">AAAA</Property>
      <Property Name="Data">2001:0500:002f:0000:0000:0000:0000:000f</Property>
      <Property Name="TTL">0</Property>
      <Property Name="Age">0</Property>
      <Property Name="TimeStamp">[static]</Property>
      <Property Name="UpdatedAtSerial">0</Property>
      <Property Name="whenCreated">16/03/2018 5:23:09 PM</Property>
      <Property Name="whenChanged">16/03/2018 5:23:09 PM</Property>
      <Property Name="showInAdvancedViewOnly">True</Property>
      <Property Name="DistinguishedName">DC=F.ROOT-SERVERS.NET,DC=RootDNSServers,CN=MicrosoftDNS,CN=System,DC=sos,DC=labs</Property>
    </Property>
    <Property>
      <Property Name="ZoneName">RootDNSServers</Property>
      <Property Name="Name">G.ROOT-SERVERS.NET</Property>
      <Property Name="RecordType">A</Property>
      <Property Name="Data">192.112.36.4</Property>
      <Property Name="TTL">0</Property>
      <Property Name="Age">0</Property>
      <Property Name="TimeStamp">[static]</Property>
      <Property Name="UpdatedAtSerial">0</Property>
      <Property Name="whenCreated">16/03/2018 5:23:09 PM</Property>
      <Property Name="whenChanged">16/03/2018 5:23:09 PM</Property>
      <Property Name="showInAdvancedViewOnly">True</Property>
      <Property Name="DistinguishedName">DC=G.ROOT-SERVERS.NET,DC=RootDNSServers,CN=MicrosoftDNS,CN=System,DC=sos,DC=labs</Property>
    </Property>
    <Property>
      <Property Name="ZoneName">RootDNSServers</Property>
      <Property Name="Name">H.ROOT-SERVERS.NET</Property>
      <Property Name="RecordType">AAAA</Property>
      <Property Name="Data">2001:0500:0001:0000:0000:0000:0000:0053</Property>
      <Property Name="TTL">0</Property>
      <Property Name="Age">0</Property>
      <Property Name="TimeStamp">[static]</Property>
      <Property Name="UpdatedAtSerial">0</Property>
      <Property Name="whenCreated">16/03/2018 5:23:09 PM</Property>
      <Property Name="whenChanged">16/03/2018 5:23:09 PM</Property>
      <Property Name="showInAdvancedViewOnly">True</Property>
      <Property Name="DistinguishedName">DC=H.ROOT-SERVERS.NET,DC=RootDNSServers,CN=MicrosoftDNS,CN=System,DC=sos,DC=labs</Property>
    </Property>
    <Property>
      <Property Name="ZoneName">RootDNSServers</Property>
      <Property Name="Name">I.ROOT-SERVERS.NET</Property>
      <Property Name="RecordType">AAAA</Property>
      <Property Name="Data">2001:07fe:0000:0000:0000:0000:0000:0053</Property>
      <Property Name="TTL">0</Property>
      <Property Name="Age">0</Property>
      <Property Name="TimeStamp">[static]</Property>
      <Property Name="UpdatedAtSerial">0</Property>
      <Property Name="whenCreated">16/03/2018 5:23:09 PM</Property>
      <Property Name="whenChanged">16/03/2018 5:23:09 PM</Property>
      <Property Name="showInAdvancedViewOnly">True</Property>
      <Property Name="DistinguishedName">DC=I.ROOT-SERVERS.NET,DC=RootDNSServers,CN=MicrosoftDNS,CN=System,DC=sos,DC=labs</Property>
    </Property>
    <Property>
      <Property Name="ZoneName">RootDNSServers</Property>
      <Property Name="Name">J.ROOT-SERVERS.NET</Property>
      <Property Name="RecordType">AAAA</Property>
      <Property Name="Data">2001:0503:0c27:0000:0000:0000:0002:0030</Property>
      <Property Name="TTL">0</Property>
      <Property Name="Age">0</Property>
      <Property Name="TimeStamp">[static]</Property>
      <Property Name="UpdatedAtSerial">0</Property>
      <Property Name="whenCreated">16/03/2018 5:23:09 PM</Property>
      <Property Name="whenChanged">16/03/2018 5:23:09 PM</Property>
      <Property Name="showInAdvancedViewOnly">True</Property>
      <Property Name="DistinguishedName">DC=J.ROOT-SERVERS.NET,DC=RootDNSServers,CN=MicrosoftDNS,CN=System,DC=sos,DC=labs</Property>
    </Property>
    <Property>
      <Property Name="ZoneName">RootDNSServers</Property>
      <Property Name="Name">K.ROOT-SERVERS.NET</Property>
      <Property Name="RecordType">AAAA</Property>
      <Property Name="Data">2001:07fd:0000:0000:0000:0000:0000:0001</Property>
      <Property Name="TTL">0</Property>
      <Property Name="Age">0</Property>
      <Property Name="TimeStamp">[static]</Property>
      <Property Name="UpdatedAtSerial">0</Property>
      <Property Name="whenCreated">16/03/2018 5:23:09 PM</Property>
      <Property Name="whenChanged">16/03/2018 5:23:09 PM</Property>
      <Property Name="showInAdvancedViewOnly">True</Property>
      <Property Name="DistinguishedName">DC=K.ROOT-SERVERS.NET,DC=RootDNSServers,CN=MicrosoftDNS,CN=System,DC=sos,DC=labs</Property>
    </Property>
    <Property>
      <Property Name="ZoneName">RootDNSServers</Property>
      <Property Name="Name">L.ROOT-SERVERS.NET</Property>
      <Property Name="RecordType">AAAA</Property>
      <Property Name="Data">2001:0500:009f:0000:0000:0000:0000:0042</Property>
      <Property Name="TTL">0</Property>
      <Property Name="Age">0</Property>
      <Property Name="TimeStamp">[static]</Property>
      <Property Name="UpdatedAtSerial">0</Property>
      <Property Name="whenCreated">16/03/2018 5:23:09 PM</Property>
      <Property Name="whenChanged">16/03/2018 5:23:09 PM</Property>
      <Property Name="showInAdvancedViewOnly">True</Property>
      <Property Name="DistinguishedName">DC=L.ROOT-SERVERS.NET,DC=RootDNSServers,CN=MicrosoftDNS,CN=System,DC=sos,DC=labs</Property>
    </Property>
    <Property>
      <Property Name="ZoneName">RootDNSServers</Property>
      <Property Name="Name">M.ROOT-SERVERS.NET</Property>
      <Property Name="RecordType">AAAA</Property>
      <Property Name="Data">2001:0dc3:0000:0000:0000:0000:0000:0035</Property>
      <Property Name="TTL">0</Property>
      <Property Name="Age">0</Property>
      <Property Name="TimeStamp">[static]</Property>
      <Property Name="UpdatedAtSerial">0</Property>
      <Property Name="whenCreated">16/03/2018 5:23:09 PM</Property>
      <Property Name="whenChanged">16/03/2018 5:23:09 PM</Property>
      <Property Name="showInAdvancedViewOnly">True</Property>
      <Property Name="DistinguishedName">DC=M.ROOT-SERVERS.NET,DC=RootDNSServers,CN=MicrosoftDNS,CN=System,DC=sos,DC=labs</Property>
    </Property>
    <Property>
      <Property Name="ZoneName">sos.labs</Property>
      <Property Name="Name">@</Property>
      <Property Name="RecordType">SOA</Property>
      <Property Name="Data">[39][dc1.sos.labs.][hostmaster.sos.labs.][900][600][86400][3600]</Property>
      <Property Name="TTL">3600</Property>
      <Property Name="Age">0</Property>
      <Property Name="TimeStamp">[static]</Property>
      <Property Name="UpdatedAtSerial">40</Property>
      <Property Name="whenCreated">16/03/2018 5:31:17 PM</Property>
      <Property Name="whenChanged">21/03/2018 6:08:40 PM</Property>
      <Property Name="showInAdvancedViewOnly">True</Property>
      <Property Name="DistinguishedName">DC=@,DC=sos.labs,CN=MicrosoftDNS,DC=DomainDnsZones,DC=sos,DC=labs</Property>
    </Property>
    <Property>
      <Property Name="ZoneName">sos.labs</Property>
      <Property Name="Name">_gc._tcp</Property>
      <Property Name="RecordType">SRV</Property>
      <Property Name="Data">[0][100][3268][DC1.sos.labs.]</Property>
      <Property Name="TTL">600</Property>
      <Property Name="Age">3657126</Property>
      <Property Name="TimeStamp">16/03/2018 6:00:00 AM</Property>
      <Property Name="UpdatedAtSerial">8</Property>
      <Property Name="whenCreated">16/03/2018 5:31:17 PM</Property>
      <Property Name="whenChanged">16/03/2018 5:31:17 PM</Property>
      <Property Name="showInAdvancedViewOnly">True</Property>
      <Property Name="DistinguishedName">DC=_gc._tcp,DC=sos.labs,CN=MicrosoftDNS,DC=DomainDnsZones,DC=sos,DC=labs</Property>
    </Property>
    <Property>
      <Property Name="ZoneName">sos.labs</Property>
      <Property Name="Name">_gc._tcp.Default-First-Site-Name._sites</Property>
      <Property Name="RecordType">SRV</Property>
      <Property Name="Data">[0][100][3268][DC1.sos.labs.]</Property>
      <Property Name="TTL">600</Property>
      <Property Name="Age">3657126</Property>
      <Property Name="TimeStamp">16/03/2018 6:00:00 AM</Property>
      <Property Name="UpdatedAtSerial">9</Property>
      <Property Name="whenCreated">16/03/2018 5:31:17 PM</Property>
      <Property Name="whenChanged">16/03/2018 5:31:17 PM</Property>
      <Property Name="showInAdvancedViewOnly">True</Property>
      <Property Name="DistinguishedName">DC=_gc._tcp.Default-First-Site-Name._sites,DC=sos.labs,CN=MicrosoftDNS,DC=DomainDnsZones,DC=sos,DC=labs</Property>
    </Property>
    <Property>
      <Property Name="ZoneName">sos.labs</Property>
      <Property Name="Name">_kerberos._tcp</Property>
      <Property Name="RecordType">SRV</Property>
      <Property Name="Data">[0][100][88][DC1.sos.labs.]</Property>
      <Property Name="TTL">600</Property>
      <Property Name="Age">3657126</Property>
      <Property Name="TimeStamp">16/03/2018 6:00:00 AM</Property>
      <Property Name="UpdatedAtSerial">6</Property>
      <Property Name="whenCreated">16/03/2018 5:31:17 PM</Property>
      <Property Name="whenChanged">16/03/2018 5:31:17 PM</Property>
      <Property Name="showInAdvancedViewOnly">True</Property>
      <Property Name="DistinguishedName">DC=_kerberos._tcp,DC=sos.labs,CN=MicrosoftDNS,DC=DomainDnsZones,DC=sos,DC=labs</Property>
    </Property>
    <Property>
      <Property Name="ZoneName">sos.labs</Property>
      <Property Name="Name">_kerberos._tcp.Default-First-Site-Name._sites</Property>
      <Property Name="RecordType">SRV</Property>
      <Property Name="Data">[0][100][88][DC1.sos.labs.]</Property>
      <Property Name="TTL">600</Property>
      <Property Name="Age">3657126</Property>
      <Property Name="TimeStamp">16/03/2018 6:00:00 AM</Property>
      <Property Name="UpdatedAtSerial">7</Property>
      <Property Name="whenCreated">16/03/2018 5:31:17 PM</Property>
      <Property Name="whenChanged">16/03/2018 5:31:17 PM</Property>
      <Property Name="showInAdvancedViewOnly">True</Property>
      <Property Name="DistinguishedName">DC=_kerberos._tcp.Default-First-Site-Name._sites,DC=sos.labs,CN=MicrosoftDNS,DC=DomainDnsZones,DC=sos,DC=labs</Property>
    </Property>
    <Property>
      <Property Name="ZoneName">sos.labs</Property>
      <Property Name="Name">_kerberos._udp</Property>
      <Property Name="RecordType">SRV</Property>
      <Property Name="Data">[0][100][88][DC1.sos.labs.]</Property>
      <Property Name="TTL">600</Property>
      <Property Name="Age">3657126</Property>
      <Property Name="TimeStamp">16/03/2018 6:00:00 AM</Property>
      <Property Name="UpdatedAtSerial">10</Property>
      <Property Name="whenCreated">16/03/2018 5:31:17 PM</Property>
      <Property Name="whenChanged">16/03/2018 5:31:17 PM</Property>
      <Property Name="showInAdvancedViewOnly">True</Property>
      <Property Name="DistinguishedName">DC=_kerberos._udp,DC=sos.labs,CN=MicrosoftDNS,DC=DomainDnsZones,DC=sos,DC=labs</Property>
    </Property>
    <Property>
      <Property Name="ZoneName">sos.labs</Property>
      <Property Name="Name">_kpasswd._tcp</Property>
      <Property Name="RecordType">SRV</Property>
      <Property Name="Data">[0][100][464][DC1.sos.labs.]</Property>
      <Property Name="TTL">600</Property>
      <Property Name="Age">3657126</Property>
      <Property Name="TimeStamp">16/03/2018 6:00:00 AM</Property>
      <Property Name="UpdatedAtSerial">11</Property>
      <Property Name="whenCreated">16/03/2018 5:31:17 PM</Property>
      <Property Name="whenChanged">16/03/2018 5:31:17 PM</Property>
      <Property Name="showInAdvancedViewOnly">True</Property>
      <Property Name="DistinguishedName">DC=_kpasswd._tcp,DC=sos.labs,CN=MicrosoftDNS,DC=DomainDnsZones,DC=sos,DC=labs</Property>
    </Property>
    <Property>
      <Property Name="ZoneName">sos.labs</Property>
      <Property Name="Name">_kpasswd._udp</Property>
      <Property Name="RecordType">SRV</Property>
      <Property Name="Data">[0][100][464][DC1.sos.labs.]</Property>
      <Property Name="TTL">600</Property>
      <Property Name="Age">3657126</Property>
      <Property Name="TimeStamp">16/03/2018 6:00:00 AM</Property>
      <Property Name="UpdatedAtSerial">12</Property>
      <Property Name="whenCreated">16/03/2018 5:31:17 PM</Property>
      <Property Name="whenChanged">16/03/2018 5:31:17 PM</Property>
      <Property Name="showInAdvancedViewOnly">True</Property>
      <Property Name="DistinguishedName">DC=_kpasswd._udp,DC=sos.labs,CN=MicrosoftDNS,DC=DomainDnsZones,DC=sos,DC=labs</Property>
    </Property>
    <Property>
      <Property Name="ZoneName">sos.labs</Property>
      <Property Name="Name">_ldap._tcp</Property>
      <Property Name="RecordType">SRV</Property>
      <Property Name="Data">[0][100][389][DC1.sos.labs.]</Property>
      <Property Name="TTL">600</Property>
      <Property Name="Age">3657126</Property>
      <Property Name="TimeStamp">16/03/2018 6:00:00 AM</Property>
      <Property Name="UpdatedAtSerial">4</Property>
      <Property Name="whenCreated">16/03/2018 5:31:17 PM</Property>
      <Property Name="whenChanged">16/03/2018 5:31:17 PM</Property>
      <Property Name="showInAdvancedViewOnly">True</Property>
      <Property Name="DistinguishedName">DC=_ldap._tcp,DC=sos.labs,CN=MicrosoftDNS,DC=DomainDnsZones,DC=sos,DC=labs</Property>
    </Property>
    <Property>
      <Property Name="ZoneName">sos.labs</Property>
      <Property Name="Name">_ldap._tcp.Default-First-Site-Name._sites</Property>
      <Property Name="RecordType">SRV</Property>
      <Property Name="Data">[0][100][389][DC1.sos.labs.]</Property>
      <Property Name="TTL">600</Property>
      <Property Name="Age">3657126</Property>
      <Property Name="TimeStamp">16/03/2018 6:00:00 AM</Property>
      <Property Name="UpdatedAtSerial">5</Property>
      <Property Name="whenCreated">16/03/2018 5:31:17 PM</Property>
      <Property Name="whenChanged">16/03/2018 5:31:17 PM</Property>
      <Property Name="showInAdvancedViewOnly">True</Property>
      <Property Name="DistinguishedName">DC=_ldap._tcp.Default-First-Site-Name._sites,DC=sos.labs,CN=MicrosoftDNS,DC=DomainDnsZones,DC=sos,DC=labs</Property>
    </Property>
    <Property>
      <Property Name="ZoneName">sos.labs</Property>
      <Property Name="Name">_msdcs</Property>
      <Property Name="RecordType">NS</Property>
      <Property Name="Data">dc1.sos.labs.</Property>
      <Property Name="TTL">3600</Property>
      <Property Name="Age">0</Property>
      <Property Name="TimeStamp">[static]</Property>
      <Property Name="UpdatedAtSerial">3</Property>
      <Property Name="whenCreated">16/03/2018 5:31:17 PM</Property>
      <Property Name="whenChanged">16/03/2018 5:31:17 PM</Property>
      <Property Name="showInAdvancedViewOnly">True</Property>
      <Property Name="DistinguishedName">DC=_msdcs,DC=sos.labs,CN=MicrosoftDNS,DC=DomainDnsZones,DC=sos,DC=labs</Property>
    </Property>
    <Property>
      <Property Name="ZoneName">sos.labs</Property>
      <Property Name="Name">dc1</Property>
      <Property Name="RecordType">A</Property>
      <Property Name="Data">192.168.9.10</Property>
      <Property Name="TTL">3600</Property>
      <Property Name="Age">0</Property>
      <Property Name="TimeStamp">[static]</Property>
      <Property Name="UpdatedAtSerial">197</Property>
      <Property Name="whenCreated">16/03/2018 5:31:17 PM</Property>
      <Property Name="whenChanged">16/08/2018 12:05:28 PM</Property>
      <Property Name="showInAdvancedViewOnly">True</Property>
      <Property Name="DistinguishedName">DC=dc1,DC=sos.labs,CN=MicrosoftDNS,DC=DomainDnsZones,DC=sos,DC=labs</Property>
    </Property>
    <Property>
      <Property Name="ZoneName">sos.labs</Property>
      <Property Name="Name">DomainDnsZones</Property>
      <Property Name="RecordType">A</Property>
      <Property Name="Data">192.168.9.10</Property>
      <Property Name="TTL">600</Property>
      <Property Name="Age">3657246</Property>
      <Property Name="TimeStamp">21/03/2018 6:00:00 AM</Property>
      <Property Name="UpdatedAtSerial">41</Property>
      <Property Name="whenCreated">16/03/2018 5:31:17 PM</Property>
      <Property Name="whenChanged">21/03/2018 6:08:40 PM</Property>
      <Property Name="showInAdvancedViewOnly">True</Property>
      <Property Name="DistinguishedName">DC=DomainDnsZones,DC=sos.labs,CN=MicrosoftDNS,DC=DomainDnsZones,DC=sos,DC=labs</Property>
    </Property>
    <Property>
      <Property Name="ZoneName">sos.labs</Property>
      <Property Name="Name">_ldap._tcp.DomainDnsZones</Property>
      <Property Name="RecordType">SRV</Property>
      <Property Name="Data">[0][100][389][DC1.sos.labs.]</Property>
      <Property Name="TTL">600</Property>
      <Property Name="Age">3657126</Property>
      <Property Name="TimeStamp">16/03/2018 6:00:00 AM</Property>
      <Property Name="UpdatedAtSerial">15</Property>
      <Property Name="whenCreated">16/03/2018 5:31:18 PM</Property>
      <Property Name="whenChanged">16/03/2018 5:31:18 PM</Property>
      <Property Name="showInAdvancedViewOnly">True</Property>
      <Property Name="DistinguishedName">DC=_ldap._tcp.DomainDnsZones,DC=sos.labs,CN=MicrosoftDNS,DC=DomainDnsZones,DC=sos,DC=labs</Property>
    </Property>
    <Property>
      <Property Name="ZoneName">sos.labs</Property>
      <Property Name="Name">_ldap._tcp.Default-First-Site-Name._sites.DomainDnsZones</Property>
      <Property Name="RecordType">SRV</Property>
      <Property Name="Data">[0][100][389][DC1.sos.labs.]</Property>
      <Property Name="TTL">600</Property>
      <Property Name="Age">3657126</Property>
      <Property Name="TimeStamp">16/03/2018 6:00:00 AM</Property>
      <Property Name="UpdatedAtSerial">16</Property>
      <Property Name="whenCreated">16/03/2018 5:31:18 PM</Property>
      <Property Name="whenChanged">16/03/2018 5:31:18 PM</Property>
      <Property Name="showInAdvancedViewOnly">True</Property>
      <Property Name="DistinguishedName">DC=_ldap._tcp.Default-First-Site-Name._sites.DomainDnsZones,DC=sos.labs,CN=MicrosoftDNS,DC=DomainDnsZones,DC=sos,DC=labs</Property>
    </Property>
    <Property>
      <Property Name="ZoneName">sos.labs</Property>
      <Property Name="Name">ForestDnsZones</Property>
      <Property Name="RecordType">A</Property>
      <Property Name="Data">192.168.9.10</Property>
      <Property Name="TTL">600</Property>
      <Property Name="Age">3657246</Property>
      <Property Name="TimeStamp">21/03/2018 6:00:00 AM</Property>
      <Property Name="UpdatedAtSerial">42</Property>
      <Property Name="whenCreated">16/03/2018 5:31:18 PM</Property>
      <Property Name="whenChanged">21/03/2018 6:08:40 PM</Property>
      <Property Name="showInAdvancedViewOnly">True</Property>
      <Property Name="DistinguishedName">DC=ForestDnsZones,DC=sos.labs,CN=MicrosoftDNS,DC=DomainDnsZones,DC=sos,DC=labs</Property>
    </Property>
    <Property>
      <Property Name="ZoneName">sos.labs</Property>
      <Property Name="Name">_ldap._tcp.ForestDnsZones</Property>
      <Property Name="RecordType">SRV</Property>
      <Property Name="Data">[0][100][389][DC1.sos.labs.]</Property>
      <Property Name="TTL">600</Property>
      <Property Name="Age">3657126</Property>
      <Property Name="TimeStamp">16/03/2018 6:00:00 AM</Property>
      <Property Name="UpdatedAtSerial">18</Property>
      <Property Name="whenCreated">16/03/2018 5:31:18 PM</Property>
      <Property Name="whenChanged">16/03/2018 5:31:18 PM</Property>
      <Property Name="showInAdvancedViewOnly">True</Property>
      <Property Name="DistinguishedName">DC=_ldap._tcp.ForestDnsZones,DC=sos.labs,CN=MicrosoftDNS,DC=DomainDnsZones,DC=sos,DC=labs</Property>
    </Property>
    <Property>
      <Property Name="ZoneName">sos.labs</Property>
      <Property Name="Name">_ldap._tcp.Default-First-Site-Name._sites.ForestDnsZones</Property>
      <Property Name="RecordType">SRV</Property>
      <Property Name="Data">[0][100][389][DC1.sos.labs.]</Property>
      <Property Name="TTL">600</Property>
      <Property Name="Age">3657126</Property>
      <Property Name="TimeStamp">16/03/2018 6:00:00 AM</Property>
      <Property Name="UpdatedAtSerial">19</Property>
      <Property Name="whenCreated">16/03/2018 5:31:18 PM</Property>
      <Property Name="whenChanged">16/03/2018 5:31:18 PM</Property>
      <Property Name="showInAdvancedViewOnly">True</Property>
      <Property Name="DistinguishedName">DC=_ldap._tcp.Default-First-Site-Name._sites.ForestDnsZones,DC=sos.labs,CN=MicrosoftDNS,DC=DomainDnsZones,DC=sos,DC=labs</Property>
    </Property>
    <Property>
      <Property Name="ZoneName">sos.labs</Property>
      <Property Name="Name">WIN7X86</Property>
      <Property Name="RecordType">A</Property>
      <Property Name="Data">192.168.9.101</Property>
      <Property Name="TTL">1200</Property>
      <Property Name="Age">3658908</Property>
      <Property Name="TimeStamp">29/05/2018 12:00:00 PM</Property>
      <Property Name="UpdatedAtSerial">96</Property>
      <Property Name="whenCreated">18/03/2018 5:32:35 PM</Property>
      <Property Name="whenChanged">29/05/2018 10:45:52 PM</Property>
      <Property Name="showInAdvancedViewOnly">True</Property>
      <Property Name="DistinguishedName">DC=WIN7X86,DC=sos.labs,CN=MicrosoftDNS,DC=DomainDnsZones,DC=sos,DC=labs</Property>
    </Property>
    <Property>
      <Property Name="ZoneName">sos.labs</Property>
      <Property Name="Name">WIN7X64-OFFICE</Property>
      <Property Name="RecordType">A</Property>
      <Property Name="Data">192.168.9.103</Property>
      <Property Name="TTL">1200</Property>
      <Property Name="Age">3660464</Property>
      <Property Name="TimeStamp">2/08/2018 8:00:00 AM</Property>
      <Property Name="UpdatedAtSerial">185</Property>
      <Property Name="whenCreated">18/03/2018 5:56:43 PM</Property>
      <Property Name="whenChanged">2/08/2018 6:06:11 PM</Property>
      <Property Name="showInAdvancedViewOnly">True</Property>
      <Property Name="DistinguishedName">DC=WIN7X64-OFFICE,DC=sos.labs,CN=MicrosoftDNS,DC=DomainDnsZones,DC=sos,DC=labs</Property>
    </Property>
    <Property>
      <Property Name="ZoneName">sos.labs</Property>
      <Property Name="Name">Win8-1x64</Property>
      <Property Name="RecordType">A</Property>
      <Property Name="Data">192.168.9.103</Property>
      <Property Name="TTL">1200</Property>
      <Property Name="Age">3657175</Property>
      <Property Name="TimeStamp">18/03/2018 7:00:00 AM</Property>
      <Property Name="UpdatedAtSerial">28</Property>
      <Property Name="whenCreated">18/03/2018 6:08:10 PM</Property>
      <Property Name="whenChanged">18/03/2018 6:43:45 PM</Property>
      <Property Name="showInAdvancedViewOnly">True</Property>
      <Property Name="DistinguishedName">DC=Win8-1x64,DC=sos.labs,CN=MicrosoftDNS,DC=DomainDnsZones,DC=sos,DC=labs</Property>
    </Property>
    <Property>
      <Property Name="ZoneName">sos.labs</Property>
      <Property Name="Name">Win10x64</Property>
      <Property Name="RecordType">A</Property>
      <Property Name="Data">192.168.9.104</Property>
      <Property Name="TTL">1200</Property>
      <Property Name="Age">3657420</Property>
      <Property Name="TimeStamp">28/03/2018 12:00:00 PM</Property>
      <Property Name="UpdatedAtSerial">54</Property>
      <Property Name="whenCreated">28/03/2018 11:29:09 PM</Property>
      <Property Name="whenChanged">28/03/2018 11:29:09 PM</Property>
      <Property Name="showInAdvancedViewOnly">True</Property>
      <Property Name="DistinguishedName">DC=Win10x64,DC=sos.labs,CN=MicrosoftDNS,DC=DomainDnsZones,DC=sos,DC=labs</Property>
    </Property>
    <Property>
      <Property Name="ZoneName">sos.labs</Property>
      <Property Name="Name">Win10</Property>
      <Property Name="RecordType">A</Property>
      <Property Name="Data">192.168.9.101</Property>
      <Property Name="TTL">1200</Property>
      <Property Name="Age">3657613</Property>
      <Property Name="TimeStamp">5/04/2018 1:00:00 PM</Property>
      <Property Name="UpdatedAtSerial">61</Property>
      <Property Name="whenCreated">5/04/2018 11:53:53 PM</Property>
      <Property Name="whenChanged">5/04/2018 11:53:53 PM</Property>
      <Property Name="showInAdvancedViewOnly">True</Property>
      <Property Name="DistinguishedName">DC=Win10,DC=sos.labs,CN=MicrosoftDNS,DC=DomainDnsZones,DC=sos,DC=labs</Property>
    </Property>
    <Property>
      <Property Name="ZoneName">sos.labs</Property>
      <Property Name="Name">WEV</Property>
      <Property Name="RecordType">A</Property>
      <Property Name="Data">192.168.9.102</Property>
      <Property Name="TTL">1200</Property>
      <Property Name="Age">3659937</Property>
      <Property Name="TimeStamp">11/07/2018 9:00:00 AM</Property>
      <Property Name="UpdatedAtSerial">131</Property>
      <Property Name="whenCreated">11/07/2018 7:50:03 PM</Property>
      <Property Name="whenChanged">11/07/2018 7:50:03 PM</Property>
      <Property Name="showInAdvancedViewOnly">True</Property>
      <Property Name="DistinguishedName">DC=WEV,DC=sos.labs,CN=MicrosoftDNS,DC=DomainDnsZones,DC=sos,DC=labs</Property>
    </Property>
    <Property>
      <Property Name="ZoneName">sos.labs</Property>
      <Property Name="Name">dc20.pim</Property>
      <Property Name="RecordType">A</Property>
      <Property Name="Data">192.168.9.20</Property>
      <Property Name="TTL">3600</Property>
      <Property Name="Age">0</Property>
      <Property Name="TimeStamp">[static]</Property>
      <Property Name="UpdatedAtSerial">167</Property>
      <Property Name="whenCreated">19/07/2018 11:53:46 AM</Property>
      <Property Name="whenChanged">19/07/2018 12:01:17 PM</Property>
      <Property Name="showInAdvancedViewOnly">True</Property>
      <Property Name="DistinguishedName">DC=dc20.pim,DC=sos.labs,CN=MicrosoftDNS,DC=DomainDnsZones,DC=sos,DC=labs</Property>
    </Property>
    <Property>
      <Property Name="ZoneName">sos.labs</Property>
      <Property Name="Name">pim</Property>
      <Property Name="RecordType">NS</Property>
      <Property Name="Data">DC20.pim.sos.labs.</Property>
      <Property Name="TTL">3600</Property>
      <Property Name="Age">0</Property>
      <Property Name="TimeStamp">[static]</Property>
      <Property Name="UpdatedAtSerial">165</Property>
      <Property Name="whenCreated">19/07/2018 11:54:32 AM</Property>
      <Property Name="whenChanged">19/07/2018 12:01:17 PM</Property>
      <Property Name="showInAdvancedViewOnly">True</Property>
      <Property Name="DistinguishedName">DC=pim,DC=sos.labs,CN=MicrosoftDNS,DC=DomainDnsZones,DC=sos,DC=labs</Property>
    </Property>
    <Property>
      <Property Name="ZoneName">RootDNSServers</Property>
      <Property Name="Name">@</Property>
      <Property Name="RecordType">NS</Property>
      <Property Name="Data">M.ROOT-SERVERS.NET.</Property>
      <Property Name="TTL">0</Property>
      <Property Name="Age">0</Property>
      <Property Name="TimeStamp">[static]</Property>
      <Property Name="UpdatedAtSerial">0</Property>
      <Property Name="whenCreated">16/03/2018 5:31:17 PM</Property>
      <Property Name="whenChanged">16/03/2018 5:31:17 PM</Property>
      <Property Name="showInAdvancedViewOnly">True</Property>
      <Property Name="DistinguishedName">DC=@,DC=RootDNSServers,CN=MicrosoftDNS,DC=DomainDnsZones,DC=sos,DC=labs</Property>
    </Property>
    <Property>
      <Property Name="ZoneName">RootDNSServers</Property>
      <Property Name="Name">A.ROOT-SERVERS.NET</Property>
      <Property Name="RecordType">AAAA</Property>
      <Property Name="Data">2001:0503:ba3e:0000:0000:0000:0002:0030</Property>
      <Property Name="TTL">0</Property>
      <Property Name="Age">0</Property>
      <Property Name="TimeStamp">[static]</Property>
      <Property Name="UpdatedAtSerial">0</Property>
      <Property Name="whenCreated">16/03/2018 5:31:17 PM</Property>
      <Property Name="whenChanged">16/03/2018 5:31:17 PM</Property>
      <Property Name="showInAdvancedViewOnly">True</Property>
      <Property Name="DistinguishedName">DC=A.ROOT-SERVERS.NET,DC=RootDNSServers,CN=MicrosoftDNS,DC=DomainDnsZones,DC=sos,DC=labs</Property>
    </Property>
    <Property>
      <Property Name="ZoneName">RootDNSServers</Property>
      <Property Name="Name">B.ROOT-SERVERS.NET</Property>
      <Property Name="RecordType">AAAA</Property>
      <Property Name="Data">2001:0500:0084:0000:0000:0000:0000:000b</Property>
      <Property Name="TTL">0</Property>
      <Property Name="Age">0</Property>
      <Property Name="TimeStamp">[static]</Property>
      <Property Name="UpdatedAtSerial">0</Property>
      <Property Name="whenCreated">16/03/2018 5:31:17 PM</Property>
      <Property Name="whenChanged">16/03/2018 5:31:17 PM</Property>
      <Property Name="showInAdvancedViewOnly">True</Property>
      <Property Name="DistinguishedName">DC=B.ROOT-SERVERS.NET,DC=RootDNSServers,CN=MicrosoftDNS,DC=DomainDnsZones,DC=sos,DC=labs</Property>
    </Property>
    <Property>
      <Property Name="ZoneName">RootDNSServers</Property>
      <Property Name="Name">C.ROOT-SERVERS.NET</Property>
      <Property Name="RecordType">AAAA</Property>
      <Property Name="Data">2001:0500:0002:0000:0000:0000:0000:000c</Property>
      <Property Name="TTL">0</Property>
      <Property Name="Age">0</Property>
      <Property Name="TimeStamp">[static]</Property>
      <Property Name="UpdatedAtSerial">0</Property>
      <Property Name="whenCreated">16/03/2018 5:31:17 PM</Property>
      <Property Name="whenChanged">16/03/2018 5:31:17 PM</Property>
      <Property Name="showInAdvancedViewOnly">True</Property>
      <Property Name="DistinguishedName">DC=C.ROOT-SERVERS.NET,DC=RootDNSServers,CN=MicrosoftDNS,DC=DomainDnsZones,DC=sos,DC=labs</Property>
    </Property>
    <Property>
      <Property Name="ZoneName">RootDNSServers</Property>
      <Property Name="Name">D.ROOT-SERVERS.NET</Property>
      <Property Name="RecordType">AAAA</Property>
      <Property Name="Data">2001:0500:002d:0000:0000:0000:0000:000d</Property>
      <Property Name="TTL">0</Property>
      <Property Name="Age">0</Property>
      <Property Name="TimeStamp">[static]</Property>
      <Property Name="UpdatedAtSerial">0</Property>
      <Property Name="whenCreated">16/03/2018 5:31:17 PM</Property>
      <Property Name="whenChanged">16/03/2018 5:31:17 PM</Property>
      <Property Name="showInAdvancedViewOnly">True</Property>
      <Property Name="DistinguishedName">DC=D.ROOT-SERVERS.NET,DC=RootDNSServers,CN=MicrosoftDNS,DC=DomainDnsZones,DC=sos,DC=labs</Property>
    </Property>
    <Property>
      <Property Name="ZoneName">RootDNSServers</Property>
      <Property Name="Name">E.ROOT-SERVERS.NET</Property>
      <Property Name="RecordType">A</Property>
      <Property Name="Data">192.203.230.10</Property>
      <Property Name="TTL">0</Property>
      <Property Name="Age">0</Property>
      <Property Name="TimeStamp">[static]</Property>
      <Property Name="UpdatedAtSerial">0</Property>
      <Property Name="whenCreated">16/03/2018 5:31:17 PM</Property>
      <Property Name="whenChanged">16/03/2018 5:31:17 PM</Property>
      <Property Name="showInAdvancedViewOnly">True</Property>
      <Property Name="DistinguishedName">DC=E.ROOT-SERVERS.NET,DC=RootDNSServers,CN=MicrosoftDNS,DC=DomainDnsZones,DC=sos,DC=labs</Property>
    </Property>
    <Property>
      <Property Name="ZoneName">RootDNSServers</Property>
      <Property Name="Name">F.ROOT-SERVERS.NET</Property>
      <Property Name="RecordType">AAAA</Property>
      <Property Name="Data">2001:0500:002f:0000:0000:0000:0000:000f</Property>
      <Property Name="TTL">0</Property>
      <Property Name="Age">0</Property>
      <Property Name="TimeStamp">[static]</Property>
      <Property Name="UpdatedAtSerial">0</Property>
      <Property Name="whenCreated">16/03/2018 5:31:17 PM</Property>
      <Property Name="whenChanged">16/03/2018 5:31:17 PM</Property>
      <Property Name="showInAdvancedViewOnly">True</Property>
      <Property Name="DistinguishedName">DC=F.ROOT-SERVERS.NET,DC=RootDNSServers,CN=MicrosoftDNS,DC=DomainDnsZones,DC=sos,DC=labs</Property>
    </Property>
    <Property>
      <Property Name="ZoneName">RootDNSServers</Property>
      <Property Name="Name">G.ROOT-SERVERS.NET</Property>
      <Property Name="RecordType">A</Property>
      <Property Name="Data">192.112.36.4</Property>
      <Property Name="TTL">0</Property>
      <Property Name="Age">0</Property>
      <Property Name="TimeStamp">[static]</Property>
      <Property Name="UpdatedAtSerial">0</Property>
      <Property Name="whenCreated">16/03/2018 5:31:17 PM</Property>
      <Property Name="whenChanged">16/03/2018 5:31:17 PM</Property>
      <Property Name="showInAdvancedViewOnly">True</Property>
      <Property Name="DistinguishedName">DC=G.ROOT-SERVERS.NET,DC=RootDNSServers,CN=MicrosoftDNS,DC=DomainDnsZones,DC=sos,DC=labs</Property>
    </Property>
    <Property>
      <Property Name="ZoneName">RootDNSServers</Property>
      <Property Name="Name">H.ROOT-SERVERS.NET</Property>
      <Property Name="RecordType">AAAA</Property>
      <Property Name="Data">2001:0500:0001:0000:0000:0000:0000:0053</Property>
      <Property Name="TTL">0</Property>
      <Property Name="Age">0</Property>
      <Property Name="TimeStamp">[static]</Property>
      <Property Name="UpdatedAtSerial">0</Property>
      <Property Name="whenCreated">16/03/2018 5:31:17 PM</Property>
      <Property Name="whenChanged">16/03/2018 5:31:17 PM</Property>
      <Property Name="showInAdvancedViewOnly">True</Property>
      <Property Name="DistinguishedName">DC=H.ROOT-SERVERS.NET,DC=RootDNSServers,CN=MicrosoftDNS,DC=DomainDnsZones,DC=sos,DC=labs</Property>
    </Property>
    <Property>
      <Property Name="ZoneName">RootDNSServers</Property>
      <Property Name="Name">I.ROOT-SERVERS.NET</Property>
      <Property Name="RecordType">AAAA</Property>
      <Property Name="Data">2001:07fe:0000:0000:0000:0000:0000:0053</Property>
      <Property Name="TTL">0</Property>
      <Property Name="Age">0</Property>
      <Property Name="TimeStamp">[static]</Property>
      <Property Name="UpdatedAtSerial">0</Property>
      <Property Name="whenCreated">16/03/2018 5:31:17 PM</Property>
      <Property Name="whenChanged">16/03/2018 5:31:17 PM</Property>
      <Property Name="showInAdvancedViewOnly">True</Property>
      <Property Name="DistinguishedName">DC=I.ROOT-SERVERS.NET,DC=RootDNSServers,CN=MicrosoftDNS,DC=DomainDnsZones,DC=sos,DC=labs</Property>
    </Property>
    <Property>
      <Property Name="ZoneName">RootDNSServers</Property>
      <Property Name="Name">J.ROOT-SERVERS.NET</Property>
      <Property Name="RecordType">AAAA</Property>
      <Property Name="Data">2001:0503:0c27:0000:0000:0000:0002:0030</Property>
      <Property Name="TTL">0</Property>
      <Property Name="Age">0</Property>
      <Property Name="TimeStamp">[static]</Property>
      <Property Name="UpdatedAtSerial">0</Property>
      <Property Name="whenCreated">16/03/2018 5:31:17 PM</Property>
      <Property Name="whenChanged">16/03/2018 5:31:17 PM</Property>
      <Property Name="showInAdvancedViewOnly">True</Property>
      <Property Name="DistinguishedName">DC=J.ROOT-SERVERS.NET,DC=RootDNSServers,CN=MicrosoftDNS,DC=DomainDnsZones,DC=sos,DC=labs</Property>
    </Property>
    <Property>
      <Property Name="ZoneName">RootDNSServers</Property>
      <Property Name="Name">K.ROOT-SERVERS.NET</Property>
      <Property Name="RecordType">AAAA</Property>
      <Property Name="Data">2001:07fd:0000:0000:0000:0000:0000:0001</Property>
      <Property Name="TTL">0</Property>
      <Property Name="Age">0</Property>
      <Property Name="TimeStamp">[static]</Property>
      <Property Name="UpdatedAtSerial">0</Property>
      <Property Name="whenCreated">16/03/2018 5:31:17 PM</Property>
      <Property Name="whenChanged">16/03/2018 5:31:17 PM</Property>
      <Property Name="showInAdvancedViewOnly">True</Property>
      <Property Name="DistinguishedName">DC=K.ROOT-SERVERS.NET,DC=RootDNSServers,CN=MicrosoftDNS,DC=DomainDnsZones,DC=sos,DC=labs</Property>
    </Property>
    <Property>
      <Property Name="ZoneName">RootDNSServers</Property>
      <Property Name="Name">L.ROOT-SERVERS.NET</Property>
      <Property Name="RecordType">AAAA</Property>
      <Property Name="Data">2001:0500:009f:0000:0000:0000:0000:0042</Property>
      <Property Name="TTL">0</Property>
      <Property Name="Age">0</Property>
      <Property Name="TimeStamp">[static]</Property>
      <Property Name="UpdatedAtSerial">0</Property>
      <Property Name="whenCreated">16/03/2018 5:31:17 PM</Property>
      <Property Name="whenChanged">16/03/2018 5:31:17 PM</Property>
      <Property Name="showInAdvancedViewOnly">True</Property>
      <Property Name="DistinguishedName">DC=L.ROOT-SERVERS.NET,DC=RootDNSServers,CN=MicrosoftDNS,DC=DomainDnsZones,DC=sos,DC=labs</Property>
    </Property>
    <Property>
      <Property Name="ZoneName">RootDNSServers</Property>
      <Property Name="Name">M.ROOT-SERVERS.NET</Property>
      <Property Name="RecordType">AAAA</Property>
      <Property Name="Data">2001:0dc3:0000:0000:0000:0000:0000:0035</Property>
      <Property Name="TTL">0</Property>
      <Property Name="Age">0</Property>
      <Property Name="TimeStamp">[static]</Property>
      <Property Name="UpdatedAtSerial">0</Property>
      <Property Name="whenCreated">16/03/2018 5:31:17 PM</Property>
      <Property Name="whenChanged">16/03/2018 5:31:17 PM</Property>
      <Property Name="showInAdvancedViewOnly">True</Property>
      <Property Name="DistinguishedName">DC=M.ROOT-SERVERS.NET,DC=RootDNSServers,CN=MicrosoftDNS,DC=DomainDnsZones,DC=sos,DC=labs</Property>
    </Property>
    <Property>
      <Property Name="ZoneName">_msdcs.sos.labs</Property>
      <Property Name="Name">@</Property>
      <Property Name="RecordType">NS</Property>
      <Property Name="Data">dc1.sos.labs.</Property>
      <Property Name="TTL">3600</Property>
      <Property Name="Age">0</Property>
      <Property Name="TimeStamp">[static]</Property>
      <Property Name="UpdatedAtSerial">2</Property>
      <Property Name="whenCreated">16/03/2018 5:31:17 PM</Property>
      <Property Name="whenChanged">16/03/2018 5:31:17 PM</Property>
      <Property Name="showInAdvancedViewOnly">True</Property>
      <Property Name="DistinguishedName">DC=@,DC=_msdcs.sos.labs,CN=MicrosoftDNS,DC=ForestDnsZones,DC=sos,DC=labs</Property>
    </Property>
    <Property>
      <Property Name="ZoneName">_msdcs.sos.labs</Property>
      <Property Name="Name">_kerberos._tcp.dc</Property>
      <Property Name="RecordType">SRV</Property>
      <Property Name="Data">[0][100][88][DC1.sos.labs.]</Property>
      <Property Name="TTL">600</Property>
      <Property Name="Age">3657126</Property>
      <Property Name="TimeStamp">16/03/2018 6:00:00 AM</Property>
      <Property Name="UpdatedAtSerial">11</Property>
      <Property Name="whenCreated">16/03/2018 5:31:17 PM</Property>
      <Property Name="whenChanged">16/03/2018 5:31:17 PM</Property>
      <Property Name="showInAdvancedViewOnly">True</Property>
      <Property Name="DistinguishedName">DC=_kerberos._tcp.dc,DC=_msdcs.sos.labs,CN=MicrosoftDNS,DC=ForestDnsZones,DC=sos,DC=labs</Property>
    </Property>
    <Property>
      <Property Name="ZoneName">_msdcs.sos.labs</Property>
      <Property Name="Name">_kerberos._tcp.Default-First-Site-Name._sites.dc</Property>
      <Property Name="RecordType">SRV</Property>
      <Property Name="Data">[0][100][88][DC1.sos.labs.]</Property>
      <Property Name="TTL">600</Property>
      <Property Name="Age">3657126</Property>
      <Property Name="TimeStamp">16/03/2018 6:00:00 AM</Property>
      <Property Name="UpdatedAtSerial">12</Property>
      <Property Name="whenCreated">16/03/2018 5:31:17 PM</Property>
      <Property Name="whenChanged">16/03/2018 5:31:17 PM</Property>
      <Property Name="showInAdvancedViewOnly">True</Property>
      <Property Name="DistinguishedName">DC=_kerberos._tcp.Default-First-Site-Name._sites.dc,DC=_msdcs.sos.labs,CN=MicrosoftDNS,DC=ForestDnsZones,DC=sos,DC=labs</Property>
    </Property>
    <Property>
      <Property Name="ZoneName">_msdcs.sos.labs</Property>
      <Property Name="Name">_ldap._tcp.a61990f9-d775-46fe-8305-e38ea18ade6b.domains</Property>
      <Property Name="RecordType">SRV</Property>
      <Property Name="Data">[0][100][389][DC1.sos.labs.]</Property>
      <Property Name="TTL">600</Property>
      <Property Name="Age">3657126</Property>
      <Property Name="TimeStamp">16/03/2018 6:00:00 AM</Property>
      <Property Name="UpdatedAtSerial">4</Property>
      <Property Name="whenCreated">16/03/2018 5:31:17 PM</Property>
      <Property Name="whenChanged">16/03/2018 5:31:17 PM</Property>
      <Property Name="showInAdvancedViewOnly">True</Property>
      <Property Name="DistinguishedName">DC=_ldap._tcp.a61990f9-d775-46fe-8305-e38ea18ade6b.domains,DC=_msdcs.sos.labs,CN=MicrosoftDNS,DC=ForestDnsZones,DC=sos,DC=labs</Property>
    </Property>
    <Property>
      <Property Name="ZoneName">_msdcs.sos.labs</Property>
      <Property Name="Name">_ldap._tcp.dc</Property>
      <Property Name="RecordType">SRV</Property>
      <Property Name="Data">[0][100][389][DC1.sos.labs.]</Property>
      <Property Name="TTL">600</Property>
      <Property Name="Age">3657126</Property>
      <Property Name="TimeStamp">16/03/2018 6:00:00 AM</Property>
      <Property Name="UpdatedAtSerial">6</Property>
      <Property Name="whenCreated">16/03/2018 5:31:17 PM</Property>
      <Property Name="whenChanged">16/03/2018 5:31:17 PM</Property>
      <Property Name="showInAdvancedViewOnly">True</Property>
      <Property Name="DistinguishedName">DC=_ldap._tcp.dc,DC=_msdcs.sos.labs,CN=MicrosoftDNS,DC=ForestDnsZones,DC=sos,DC=labs</Property>
    </Property>
    <Property>
      <Property Name="ZoneName">_msdcs.sos.labs</Property>
      <Property Name="Name">_ldap._tcp.Default-First-Site-Name._sites.dc</Property>
      <Property Name="RecordType">SRV</Property>
      <Property Name="Data">[0][100][389][DC1.sos.labs.]</Property>
      <Property Name="TTL">600</Property>
      <Property Name="Age">3657126</Property>
      <Property Name="TimeStamp">16/03/2018 6:00:00 AM</Property>
      <Property Name="UpdatedAtSerial">7</Property>
      <Property Name="whenCreated">16/03/2018 5:31:17 PM</Property>
      <Property Name="whenChanged">16/03/2018 5:31:17 PM</Property>
      <Property Name="showInAdvancedViewOnly">True</Property>
      <Property Name="DistinguishedName">DC=_ldap._tcp.Default-First-Site-Name._sites.dc,DC=_msdcs.sos.labs,CN=MicrosoftDNS,DC=ForestDnsZones,DC=sos,DC=labs</Property>
    </Property>
    <Property>
      <Property Name="ZoneName">_msdcs.sos.labs</Property>
      <Property Name="Name">_ldap._tcp.Default-First-Site-Name._sites.gc</Property>
      <Property Name="RecordType">SRV</Property>
      <Property Name="Data">[0][100][3268][DC1.sos.labs.]</Property>
      <Property Name="TTL">600</Property>
      <Property Name="Age">3657126</Property>
      <Property Name="TimeStamp">16/03/2018 6:00:00 AM</Property>
      <Property Name="UpdatedAtSerial">9</Property>
      <Property Name="whenCreated">16/03/2018 5:31:17 PM</Property>
      <Property Name="whenChanged">16/03/2018 5:31:17 PM</Property>
      <Property Name="showInAdvancedViewOnly">True</Property>
      <Property Name="DistinguishedName">DC=_ldap._tcp.Default-First-Site-Name._sites.gc,DC=_msdcs.sos.labs,CN=MicrosoftDNS,DC=ForestDnsZones,DC=sos,DC=labs</Property>
    </Property>
    <Property>
      <Property Name="ZoneName">_msdcs.sos.labs</Property>
      <Property Name="Name">_ldap._tcp.gc</Property>
      <Property Name="RecordType">SRV</Property>
      <Property Name="Data">[0][100][3268][DC1.sos.labs.]</Property>
      <Property Name="TTL">600</Property>
      <Property Name="Age">3657126</Property>
      <Property Name="TimeStamp">16/03/2018 6:00:00 AM</Property>
      <Property Name="UpdatedAtSerial">8</Property>
      <Property Name="whenCreated">16/03/2018 5:31:17 PM</Property>
      <Property Name="whenChanged">16/03/2018 5:31:17 PM</Property>
      <Property Name="showInAdvancedViewOnly">True</Property>
      <Property Name="DistinguishedName">DC=_ldap._tcp.gc,DC=_msdcs.sos.labs,CN=MicrosoftDNS,DC=ForestDnsZones,DC=sos,DC=labs</Property>
    </Property>
    <Property>
      <Property Name="ZoneName">_msdcs.sos.labs</Property>
      <Property Name="Name">_ldap._tcp.pdc</Property>
      <Property Name="RecordType">SRV</Property>
      <Property Name="Data">[0][100][389][DC1.sos.labs.]</Property>
      <Property Name="TTL">600</Property>
      <Property Name="Age">3657126</Property>
      <Property Name="TimeStamp">16/03/2018 6:00:00 AM</Property>
      <Property Name="UpdatedAtSerial">3</Property>
      <Property Name="whenCreated">16/03/2018 5:31:17 PM</Property>
      <Property Name="whenChanged">16/03/2018 5:31:17 PM</Property>
      <Property Name="showInAdvancedViewOnly">True</Property>
      <Property Name="DistinguishedName">DC=_ldap._tcp.pdc,DC=_msdcs.sos.labs,CN=MicrosoftDNS,DC=ForestDnsZones,DC=sos,DC=labs</Property>
    </Property>
    <Property>
      <Property Name="ZoneName">_msdcs.sos.labs</Property>
      <Property Name="Name">4d55de11-5a60-4d67-9523-0607a687be7e</Property>
      <Property Name="RecordType">CNAME</Property>
      <Property Name="Data">DC1.sos.labs.</Property>
      <Property Name="TTL">600</Property>
      <Property Name="Age">3657126</Property>
      <Property Name="TimeStamp">16/03/2018 6:00:00 AM</Property>
      <Property Name="UpdatedAtSerial">5</Property>
      <Property Name="whenCreated">16/03/2018 5:31:17 PM</Property>
      <Property Name="whenChanged">16/03/2018 5:31:17 PM</Property>
      <Property Name="showInAdvancedViewOnly">True</Property>
      <Property Name="DistinguishedName">DC=4d55de11-5a60-4d67-9523-0607a687be7e,DC=_msdcs.sos.labs,CN=MicrosoftDNS,DC=ForestDnsZones,DC=sos,DC=labs</Property>
    </Property>
    <Property>
      <Property Name="ZoneName">_msdcs.sos.labs</Property>
      <Property Name="Name">gc</Property>
      <Property Name="RecordType">A</Property>
      <Property Name="Data">192.168.9.10</Property>
      <Property Name="TTL">600</Property>
      <Property Name="Age">3657246</Property>
      <Property Name="TimeStamp">21/03/2018 6:00:00 AM</Property>
      <Property Name="UpdatedAtSerial">14</Property>
      <Property Name="whenCreated">16/03/2018 5:31:17 PM</Property>
      <Property Name="whenChanged">21/03/2018 6:08:40 PM</Property>
      <Property Name="showInAdvancedViewOnly">True</Property>
      <Property Name="DistinguishedName">DC=gc,DC=_msdcs.sos.labs,CN=MicrosoftDNS,DC=ForestDnsZones,DC=sos,DC=labs</Property>
    </Property>
    <Property>
      <Property Name="ZoneName">..TrustAnchors</Property>
      <Property Name="Name">@</Property>
      <Property Name="RecordType">SOA</Property>
      <Property Name="Data">[1][dc1.sos.labs.][hostmaster.sos.labs.][900][600][86400][3600]</Property>
      <Property Name="TTL">3600</Property>
      <Property Name="Age">0</Property>
      <Property Name="TimeStamp">[static]</Property>
      <Property Name="UpdatedAtSerial">1</Property>
      <Property Name="whenCreated">19/07/2018 11:50:11 AM</Property>
      <Property Name="whenChanged">19/07/2018 11:50:11 AM</Property>
      <Property Name="showInAdvancedViewOnly">True</Property>
      <Property Name="DistinguishedName">DC=@,DC=..TrustAnchors,CN=MicrosoftDNS,DC=ForestDnsZones,DC=sos,DC=labs</Property>
    </Property>
  </Object>
</Objects>