﻿<?xml version="1.0" encoding="utf-8"?>
<Objects>
  <Object>
    <Property Name="Domain">sos.labs</Property>
    <Property Name="Site">Default-First-Site-Name</Property>
    <Property Name="Name">DC1</Property>
    <Property Name="IPv4Address">192.168.9.10</Property>
    <Property Name="Operating System">Windows Server 2016 Datacenter Evaluation 10.0 (14393)</Property>
    <Property Name="Hostname">DC1.sos.labs</Property>
    <Property Name="Infra">True</Property>
    <Property Name="Naming">True</Property>
    <Property Name="Schema">True</Property>
    <Property Name="RID">True</Property>
    <Property Name="PDC">True</Property>
    <Property Name="SMB Port Open">True</Property>
    <Property Name="SMB1(NT LM 0.12)">True</Property>
    <Property Name="SMB2(0x0202)">True</Property>
    <Property Name="SMB2(0x0210)">True</Property>
    <Property Name="SMB3(0x0300)">True</Property>
    <Property Name="SMB3(0x0302)">True</Property>
    <Property Name="SMB3(0x0311)">False</Property>
    <Property Name="SMB Signing">True</Property>
  </Object>
</Objects>