﻿<?xml version="1.0" encoding="utf-8"?>
<Objects>
  <Object>
    <Property>
      <Property Name="Policy">Name</Property>
      <Property Name="Value">Workstation Admins</Property>
    </Property>
    <Property>
      <Property Name="Policy">Applies To</Property>
      <Property Name="Value">CN=Workstation Admins,OU=Lab Users,DC=sos,DC=labs</Property>
    </Property>
    <Property>
      <Property Name="Policy">Enforce password history</Property>
      <Property Name="Value">24</Property>
    </Property>
    <Property>
      <Property Name="Policy">Maximum password age (days)</Property>
      <Property Name="Value">42</Property>
    </Property>
    <Property>
      <Property Name="Policy">Minimum password age (days)</Property>
      <Property Name="Value">1</Property>
    </Property>
    <Property>
      <Property Name="Policy">Minimum password length</Property>
      <Property Name="Value">14</Property>
    </Property>
    <Property>
      <Property Name="Policy">Password must meet complexity requirements</Property>
      <Property Name="Value">True</Property>
    </Property>
    <Property>
      <Property Name="Policy">Store password using reversible encryption</Property>
      <Property Name="Value">False</Property>
    </Property>
    <Property>
      <Property Name="Policy">Account lockout duration (mins)</Property>
      <Property Name="Value">0</Property>
    </Property>
    <Property>
      <Property Name="Policy">Account lockout threshold</Property>
      <Property Name="Value">3</Property>
    </Property>
    <Property>
      <Property Name="Policy">Reset account lockout counter after (mins)</Property>
      <Property Name="Value">40</Property>
    </Property>
    <Property>
      <Property Name="Policy">Precedence</Property>
      <Property Name="Value">1</Property>
    </Property>
  </Object>
</Objects>