﻿<?xml version="1.0" encoding="utf-8"?>
<Objects>
  <Object>
    <Property>
      <Property Name="UserName">Administrator</Property>
      <Property Name="Name">Administrator</Property>
      <Property Name="Enabled">True</Property>
      <Property Name="Must Change Password at Logon">False</Property>
      <Property Name="Cannot Change Password">False</Property>
      <Property Name="Password Never Expires">True</Property>
      <Property Name="Reversible Password Encryption">False</Property>
      <Property Name="Smartcard Logon Required">False</Property>
      <Property Name="Delegation Permitted">True</Property>
      <Property Name="Kerberos DES Only">False</Property>
      <Property Name="Kerberos RC4">False</Property>
      <Property Name="Kerberos AES-128bit">False</Property>
      <Property Name="Kerberos AES-256bit">True</Property>
      <Property Name="Does Not Require Pre Auth">False</Property>
      <Property Name="Never Logged in">False</Property>
      <Property Name="Logon Age (days)">0</Property>
      <Property Name="Password Age (days)">12</Property>
      <Property Name="Dormant (&gt; 90 days)">False</Property>
      <Property Name="Password Age (&gt; 42 days)">False</Property>
      <Property Name="Account Locked Out">False</Property>
      <Property Name="Password Expired">False</Property>
      <Property Name="Password Not Required">False</Property>
      <Property Name="Delegation Type" />
      <Property Name="Delegation Protocol" />
      <Property Name="Delegation Services" />
      <Property Name="Logon Workstations" />
      <Property Name="AdminCount">1</Property>
      <Property Name="Primary GroupID">513</Property>
      <Property Name="SID">S-1-5-21-2872888145-3513486857-3924934394-500</Property>
      <Property Name="SIDHistory">
      </Property>
      <Property Name="Description">Built-in account for administering the computer/domain</Property>
      <Property Name="Last Logon Date">28/08/2018 10:34:37 PM</Property>
      <Property Name="Password LastSet">16/08/2018 3:27:57 AM</Property>
      <Property Name="Account Expiration Date" />
      <Property Name="Account Expiration (days)" />
      <Property Name="Email">administrator@sos.labs</Property>
      <Property Name="HomeDirectory">C:\Users\Administrator</Property>
      <Property Name="ProfilePath">\\DC1\Users\Administrators</Property>
      <Property Name="ScriptPath">logon.bat</Property>
      <Property Name="whenCreated">16/03/2018 5:21:13 PM</Property>
      <Property Name="whenChanged">28/08/2018 10:34:37 PM</Property>
      <Property Name="DistinguishedName">CN=Administrator,CN=Users,DC=sos,DC=labs</Property>
      <Property Name="CanonicalName">sos.labs/Users/Administrator</Property>
    </Property>
    <Property>
      <Property Name="UserName">Guest</Property>
      <Property Name="Name">Guest</Property>
      <Property Name="Enabled">False</Property>
      <Property Name="Must Change Password at Logon">False</Property>
      <Property Name="Cannot Change Password">False</Property>
      <Property Name="Password Never Expires">True</Property>
      <Property Name="Reversible Password Encryption">False</Property>
      <Property Name="Smartcard Logon Required">False</Property>
      <Property Name="Delegation Permitted">True</Property>
      <Property Name="Kerberos DES Only">False</Property>
      <Property Name="Kerberos RC4" />
      <Property Name="Kerberos AES-128bit" />
      <Property Name="Kerberos AES-256bit" />
      <Property Name="Does Not Require Pre Auth">False</Property>
      <Property Name="Never Logged in">True</Property>
      <Property Name="Logon Age (days)" />
      <Property Name="Password Age (days)" />
      <Property Name="Dormant (&gt; 90 days)">False</Property>
      <Property Name="Password Age (&gt; 42 days)">False</Property>
      <Property Name="Account Locked Out">False</Property>
      <Property Name="Password Expired">False</Property>
      <Property Name="Password Not Required">True</Property>
      <Property Name="Delegation Type" />
      <Property Name="Delegation Protocol" />
      <Property Name="Delegation Services" />
      <Property Name="Logon Workstations" />
      <Property Name="AdminCount" />
      <Property Name="Primary GroupID">514</Property>
      <Property Name="SID">S-1-5-21-2872888145-3513486857-3924934394-501</Property>
      <Property Name="SIDHistory">
      </Property>
      <Property Name="Description">Built-in account for guest access to the computer/domain</Property>
      <Property Name="Last Logon Date" />
      <Property Name="Password LastSet" />
      <Property Name="Account Expiration Date" />
      <Property Name="Account Expiration (days)" />
      <Property Name="Email" />
      <Property Name="HomeDirectory" />
      <Property Name="ProfilePath" />
      <Property Name="ScriptPath" />
      <Property Name="whenCreated">16/03/2018 5:21:13 PM</Property>
      <Property Name="whenChanged">16/03/2018 5:21:13 PM</Property>
      <Property Name="DistinguishedName">CN=Guest,CN=Users,DC=sos,DC=labs</Property>
      <Property Name="CanonicalName">sos.labs/Users/Guest</Property>
    </Property>
    <Property>
      <Property Name="UserName">DefaultAccount</Property>
      <Property Name="Name">DefaultAccount</Property>
      <Property Name="Enabled">False</Property>
      <Property Name="Must Change Password at Logon">False</Property>
      <Property Name="Cannot Change Password">False</Property>
      <Property Name="Password Never Expires">True</Property>
      <Property Name="Reversible Password Encryption">False</Property>
      <Property Name="Smartcard Logon Required">False</Property>
      <Property Name="Delegation Permitted">True</Property>
      <Property Name="Kerberos DES Only">False</Property>
      <Property Name="Kerberos RC4" />
      <Property Name="Kerberos AES-128bit" />
      <Property Name="Kerberos AES-256bit" />
      <Property Name="Does Not Require Pre Auth">False</Property>
      <Property Name="Never Logged in">True</Property>
      <Property Name="Logon Age (days)" />
      <Property Name="Password Age (days)" />
      <Property Name="Dormant (&gt; 90 days)">False</Property>
      <Property Name="Password Age (&gt; 42 days)">False</Property>
      <Property Name="Account Locked Out">False</Property>
      <Property Name="Password Expired">False</Property>
      <Property Name="Password Not Required">True</Property>
      <Property Name="Delegation Type" />
      <Property Name="Delegation Protocol" />
      <Property Name="Delegation Services" />
      <Property Name="Logon Workstations" />
      <Property Name="AdminCount" />
      <Property Name="Primary GroupID">513</Property>
      <Property Name="SID">S-1-5-21-2872888145-3513486857-3924934394-503</Property>
      <Property Name="SIDHistory">
      </Property>
      <Property Name="Description">A user account managed by the system.</Property>
      <Property Name="Last Logon Date" />
      <Property Name="Password LastSet" />
      <Property Name="Account Expiration Date" />
      <Property Name="Account Expiration (days)" />
      <Property Name="Email" />
      <Property Name="HomeDirectory" />
      <Property Name="ProfilePath" />
      <Property Name="ScriptPath" />
      <Property Name="whenCreated">16/03/2018 5:21:13 PM</Property>
      <Property Name="whenChanged">16/03/2018 5:21:13 PM</Property>
      <Property Name="DistinguishedName">CN=DefaultAccount,CN=Users,DC=sos,DC=labs</Property>
      <Property Name="CanonicalName">sos.labs/Users/DefaultAccount</Property>
    </Property>
    <Property>
      <Property Name="UserName">krbtgt</Property>
      <Property Name="Name">krbtgt</Property>
      <Property Name="Enabled">False</Property>
      <Property Name="Must Change Password at Logon">False</Property>
      <Property Name="Cannot Change Password">False</Property>
      <Property Name="Password Never Expires">False</Property>
      <Property Name="Reversible Password Encryption">False</Property>
      <Property Name="Smartcard Logon Required">False</Property>
      <Property Name="Delegation Permitted">True</Property>
      <Property Name="Kerberos DES Only">False</Property>
      <Property Name="Kerberos RC4" />
      <Property Name="Kerberos AES-128bit" />
      <Property Name="Kerberos AES-256bit" />
      <Property Name="Does Not Require Pre Auth">False</Property>
      <Property Name="Never Logged in">True</Property>
      <Property Name="Logon Age (days)" />
      <Property Name="Password Age (days)">165</Property>
      <Property Name="Dormant (&gt; 90 days)">False</Property>
      <Property Name="Password Age (&gt; 42 days)">True</Property>
      <Property Name="Account Locked Out">False</Property>
      <Property Name="Password Expired">True</Property>
      <Property Name="Password Not Required">False</Property>
      <Property Name="Delegation Type" />
      <Property Name="Delegation Protocol" />
      <Property Name="Delegation Services" />
      <Property Name="Logon Workstations" />
      <Property Name="AdminCount">1</Property>
      <Property Name="Primary GroupID">513</Property>
      <Property Name="SID">S-1-5-21-2872888145-3513486857-3924934394-502</Property>
      <Property Name="SIDHistory">
      </Property>
      <Property Name="Description">Key Distribution Center Service Account</Property>
      <Property Name="Last Logon Date" />
      <Property Name="Password LastSet">16/03/2018 5:22:29 PM</Property>
      <Property Name="Account Expiration Date" />
      <Property Name="Account Expiration (days)" />
      <Property Name="Email" />
      <Property Name="HomeDirectory" />
      <Property Name="ProfilePath" />
      <Property Name="ScriptPath" />
      <Property Name="whenCreated">16/03/2018 5:22:29 PM</Property>
      <Property Name="whenChanged">16/03/2018 5:37:40 PM</Property>
      <Property Name="DistinguishedName">CN=krbtgt,CN=Users,DC=sos,DC=labs</Property>
      <Property Name="CanonicalName">sos.labs/Users/krbtgt</Property>
    </Property>
    <Property>
      <Property Name="UserName">dcadmin</Property>
      <Property Name="Name">DC Admin</Property>
      <Property Name="Enabled">True</Property>
      <Property Name="Must Change Password at Logon">False</Property>
      <Property Name="Cannot Change Password">False</Property>
      <Property Name="Password Never Expires">True</Property>
      <Property Name="Reversible Password Encryption">False</Property>
      <Property Name="Smartcard Logon Required">False</Property>
      <Property Name="Delegation Permitted">True</Property>
      <Property Name="Kerberos DES Only">False</Property>
      <Property Name="Kerberos RC4">False</Property>
      <Property Name="Kerberos AES-128bit">True</Property>
      <Property Name="Kerberos AES-256bit">False</Property>
      <Property Name="Does Not Require Pre Auth">False</Property>
      <Property Name="Never Logged in">True</Property>
      <Property Name="Logon Age (days)" />
      <Property Name="Password Age (days)">165</Property>
      <Property Name="Dormant (&gt; 90 days)">False</Property>
      <Property Name="Password Age (&gt; 42 days)">True</Property>
      <Property Name="Account Locked Out">False</Property>
      <Property Name="Password Expired">False</Property>
      <Property Name="Password Not Required">False</Property>
      <Property Name="Delegation Type" />
      <Property Name="Delegation Protocol" />
      <Property Name="Delegation Services" />
      <Property Name="Logon Workstations" />
      <Property Name="AdminCount">1</Property>
      <Property Name="Primary GroupID">513</Property>
      <Property Name="SID">S-1-5-21-2872888145-3513486857-3924934394-1103</Property>
      <Property Name="SIDHistory">
      </Property>
      <Property Name="Description">AES128</Property>
      <Property Name="Last Logon Date" />
      <Property Name="Password LastSet">16/03/2018 5:31:38 PM</Property>
      <Property Name="Account Expiration Date" />
      <Property Name="Account Expiration (days)" />
      <Property Name="Email" />
      <Property Name="HomeDirectory" />
      <Property Name="ProfilePath" />
      <Property Name="ScriptPath" />
      <Property Name="whenCreated">16/03/2018 5:31:38 PM</Property>
      <Property Name="whenChanged">8/08/2018 7:00:59 PM</Property>
      <Property Name="DistinguishedName">CN=DC Admin,OU=Priv Accounts,DC=sos,DC=labs</Property>
      <Property Name="CanonicalName">sos.labs/Priv Accounts/DC Admin</Property>
    </Property>
    <Property>
      <Property Name="UserName">da</Property>
      <Property Name="Name">D A</Property>
      <Property Name="Enabled">True</Property>
      <Property Name="Must Change Password at Logon">False</Property>
      <Property Name="Cannot Change Password">False</Property>
      <Property Name="Password Never Expires">True</Property>
      <Property Name="Reversible Password Encryption">False</Property>
      <Property Name="Smartcard Logon Required">False</Property>
      <Property Name="Delegation Permitted">False</Property>
      <Property Name="Kerberos DES Only">False</Property>
      <Property Name="Kerberos RC4" />
      <Property Name="Kerberos AES-128bit" />
      <Property Name="Kerberos AES-256bit" />
      <Property Name="Does Not Require Pre Auth">False</Property>
      <Property Name="Never Logged in">False</Property>
      <Property Name="Logon Age (days)">20</Property>
      <Property Name="Password Age (days)">165</Property>
      <Property Name="Dormant (&gt; 90 days)">False</Property>
      <Property Name="Password Age (&gt; 42 days)">True</Property>
      <Property Name="Account Locked Out">False</Property>
      <Property Name="Password Expired">False</Property>
      <Property Name="Password Not Required">False</Property>
      <Property Name="Delegation Type" />
      <Property Name="Delegation Protocol" />
      <Property Name="Delegation Services" />
      <Property Name="Logon Workstations" />
      <Property Name="AdminCount">1</Property>
      <Property Name="Primary GroupID">512</Property>
      <Property Name="SID">S-1-5-21-2872888145-3513486857-3924934394-1104</Property>
      <Property Name="SIDHistory">
      </Property>
      <Property Name="Description">
      </Property>
      <Property Name="Last Logon Date">8/08/2018 5:52:54 PM</Property>
      <Property Name="Password LastSet">16/03/2018 5:32:30 PM</Property>
      <Property Name="Account Expiration Date" />
      <Property Name="Account Expiration (days)" />
      <Property Name="Email" />
      <Property Name="HomeDirectory" />
      <Property Name="ProfilePath" />
      <Property Name="ScriptPath" />
      <Property Name="whenCreated">16/03/2018 5:32:30 PM</Property>
      <Property Name="whenChanged">8/08/2018 7:01:20 PM</Property>
      <Property Name="DistinguishedName">CN=D A,OU=Priv Accounts,DC=sos,DC=labs</Property>
      <Property Name="CanonicalName">sos.labs/Priv Accounts/D A</Property>
    </Property>
    <Property>
      <Property Name="UserName">ea</Property>
      <Property Name="Name">E A</Property>
      <Property Name="Enabled">True</Property>
      <Property Name="Must Change Password at Logon">False</Property>
      <Property Name="Cannot Change Password">False</Property>
      <Property Name="Password Never Expires">True</Property>
      <Property Name="Reversible Password Encryption">False</Property>
      <Property Name="Smartcard Logon Required">False</Property>
      <Property Name="Delegation Permitted">True</Property>
      <Property Name="Kerberos DES Only">False</Property>
      <Property Name="Kerberos RC4">False</Property>
      <Property Name="Kerberos AES-128bit">False</Property>
      <Property Name="Kerberos AES-256bit">True</Property>
      <Property Name="Does Not Require Pre Auth">False</Property>
      <Property Name="Never Logged in">True</Property>
      <Property Name="Logon Age (days)" />
      <Property Name="Password Age (days)">165</Property>
      <Property Name="Dormant (&gt; 90 days)">False</Property>
      <Property Name="Password Age (&gt; 42 days)">True</Property>
      <Property Name="Account Locked Out">False</Property>
      <Property Name="Password Expired">False</Property>
      <Property Name="Password Not Required">False</Property>
      <Property Name="Delegation Type" />
      <Property Name="Delegation Protocol" />
      <Property Name="Delegation Services" />
      <Property Name="Logon Workstations" />
      <Property Name="AdminCount">1</Property>
      <Property Name="Primary GroupID">519</Property>
      <Property Name="SID">S-1-5-21-2872888145-3513486857-3924934394-1105</Property>
      <Property Name="SIDHistory">
      </Property>
      <Property Name="Description">Enterprise Admin, AES256</Property>
      <Property Name="Last Logon Date" />
      <Property Name="Password LastSet">16/03/2018 6:04:36 PM</Property>
      <Property Name="Account Expiration Date" />
      <Property Name="Account Expiration (days)" />
      <Property Name="Email" />
      <Property Name="HomeDirectory" />
      <Property Name="ProfilePath" />
      <Property Name="ScriptPath" />
      <Property Name="whenCreated">16/03/2018 6:04:36 PM</Property>
      <Property Name="whenChanged">8/08/2018 7:00:39 PM</Property>
      <Property Name="DistinguishedName">CN=E A,OU=Priv Accounts,DC=sos,DC=labs</Property>
      <Property Name="CanonicalName">sos.labs/Priv Accounts/E A</Property>
    </Property>
    <Property>
      <Property Name="UserName">user1</Property>
      <Property Name="Name">User 1</Property>
      <Property Name="Enabled">True</Property>
      <Property Name="Must Change Password at Logon">False</Property>
      <Property Name="Cannot Change Password">False</Property>
      <Property Name="Password Never Expires">True</Property>
      <Property Name="Reversible Password Encryption">False</Property>
      <Property Name="Smartcard Logon Required">False</Property>
      <Property Name="Delegation Permitted">True</Property>
      <Property Name="Kerberos DES Only">False</Property>
      <Property Name="Kerberos RC4" />
      <Property Name="Kerberos AES-128bit" />
      <Property Name="Kerberos AES-256bit" />
      <Property Name="Does Not Require Pre Auth">False</Property>
      <Property Name="Never Logged in">False</Property>
      <Property Name="Logon Age (days)">26</Property>
      <Property Name="Password Age (days)">88</Property>
      <Property Name="Dormant (&gt; 90 days)">False</Property>
      <Property Name="Password Age (&gt; 42 days)">True</Property>
      <Property Name="Account Locked Out">False</Property>
      <Property Name="Password Expired">False</Property>
      <Property Name="Password Not Required">False</Property>
      <Property Name="Delegation Type" />
      <Property Name="Delegation Protocol" />
      <Property Name="Delegation Services" />
      <Property Name="Logon Workstations" />
      <Property Name="AdminCount" />
      <Property Name="Primary GroupID">513</Property>
      <Property Name="SID">S-1-5-21-2872888145-3513486857-3924934394-1108</Property>
      <Property Name="SIDHistory">
      </Property>
      <Property Name="Description">Password Never Expires</Property>
      <Property Name="Last Logon Date">2/08/2018 4:29:59 PM</Property>
      <Property Name="Password LastSet">31/05/2018 10:46:06 PM</Property>
      <Property Name="Account Expiration Date" />
      <Property Name="Account Expiration (days)" />
      <Property Name="Email">user1@sos.labs</Property>
      <Property Name="HomeDirectory" />
      <Property Name="ProfilePath" />
      <Property Name="ScriptPath" />
      <Property Name="whenCreated">18/03/2018 5:19:47 PM</Property>
      <Property Name="whenChanged">8/08/2018 7:03:19 PM</Property>
      <Property Name="DistinguishedName">CN=User 1,OU=Lab Users,DC=sos,DC=labs</Property>
      <Property Name="CanonicalName">sos.labs/Lab Users/User 1</Property>
    </Property>
    <Property>
      <Property Name="UserName">user2</Property>
      <Property Name="Name">User 2</Property>
      <Property Name="Enabled">True</Property>
      <Property Name="Must Change Password at Logon">False</Property>
      <Property Name="Cannot Change Password">True</Property>
      <Property Name="Password Never Expires">False</Property>
      <Property Name="Reversible Password Encryption">False</Property>
      <Property Name="Smartcard Logon Required">False</Property>
      <Property Name="Delegation Permitted">True</Property>
      <Property Name="Kerberos DES Only">False</Property>
      <Property Name="Kerberos RC4" />
      <Property Name="Kerberos AES-128bit" />
      <Property Name="Kerberos AES-256bit" />
      <Property Name="Does Not Require Pre Auth">False</Property>
      <Property Name="Never Logged in">False</Property>
      <Property Name="Logon Age (days)">24</Property>
      <Property Name="Password Age (days)">47</Property>
      <Property Name="Dormant (&gt; 90 days)">False</Property>
      <Property Name="Password Age (&gt; 42 days)">True</Property>
      <Property Name="Account Locked Out">False</Property>
      <Property Name="Password Expired">True</Property>
      <Property Name="Password Not Required">False</Property>
      <Property Name="Delegation Type" />
      <Property Name="Delegation Protocol" />
      <Property Name="Delegation Services" />
      <Property Name="Logon Workstations" />
      <Property Name="AdminCount" />
      <Property Name="Primary GroupID">513</Property>
      <Property Name="SID">S-1-5-21-2872888145-3513486857-3924934394-1109</Property>
      <Property Name="SIDHistory">
      </Property>
      <Property Name="Description">Cannot Change Password</Property>
      <Property Name="Last Logon Date">4/08/2018 4:10:04 AM</Property>
      <Property Name="Password LastSet">12/07/2018 4:49:55 PM</Property>
      <Property Name="Account Expiration Date" />
      <Property Name="Account Expiration (days)" />
      <Property Name="Email">user2@sos.labs</Property>
      <Property Name="HomeDirectory" />
      <Property Name="ProfilePath" />
      <Property Name="ScriptPath" />
      <Property Name="whenCreated">18/03/2018 5:20:21 PM</Property>
      <Property Name="whenChanged">8/08/2018 7:03:30 PM</Property>
      <Property Name="DistinguishedName">CN=User 2,OU=Lab Users,DC=sos,DC=labs</Property>
      <Property Name="CanonicalName">sos.labs/Lab Users/User 2</Property>
    </Property>
    <Property>
      <Property Name="UserName">user3</Property>
      <Property Name="Name">User 3</Property>
      <Property Name="Enabled">True</Property>
      <Property Name="Must Change Password at Logon">True</Property>
      <Property Name="Cannot Change Password">False</Property>
      <Property Name="Password Never Expires">False</Property>
      <Property Name="Reversible Password Encryption">False</Property>
      <Property Name="Smartcard Logon Required">False</Property>
      <Property Name="Delegation Permitted">True</Property>
      <Property Name="Kerberos DES Only">False</Property>
      <Property Name="Kerberos RC4" />
      <Property Name="Kerberos AES-128bit" />
      <Property Name="Kerberos AES-256bit" />
      <Property Name="Does Not Require Pre Auth">False</Property>
      <Property Name="Never Logged in">True</Property>
      <Property Name="Logon Age (days)" />
      <Property Name="Password Age (days)" />
      <Property Name="Dormant (&gt; 90 days)">False</Property>
      <Property Name="Password Age (&gt; 42 days)">False</Property>
      <Property Name="Account Locked Out">False</Property>
      <Property Name="Password Expired">True</Property>
      <Property Name="Password Not Required">False</Property>
      <Property Name="Delegation Type" />
      <Property Name="Delegation Protocol" />
      <Property Name="Delegation Services" />
      <Property Name="Logon Workstations" />
      <Property Name="AdminCount" />
      <Property Name="Primary GroupID">513</Property>
      <Property Name="SID">S-1-5-21-2872888145-3513486857-3924934394-1110</Property>
      <Property Name="SIDHistory">
      </Property>
      <Property Name="Description">Must Change Password at Next Logon</Property>
      <Property Name="Last Logon Date" />
      <Property Name="Password LastSet" />
      <Property Name="Account Expiration Date" />
      <Property Name="Account Expiration (days)" />
      <Property Name="Email" />
      <Property Name="HomeDirectory" />
      <Property Name="ProfilePath" />
      <Property Name="ScriptPath" />
      <Property Name="whenCreated">18/03/2018 5:21:24 PM</Property>
      <Property Name="whenChanged">18/03/2018 5:21:39 PM</Property>
      <Property Name="DistinguishedName">CN=User 3,OU=Lab Users,DC=sos,DC=labs</Property>
      <Property Name="CanonicalName">sos.labs/Lab Users/User 3</Property>
    </Property>
    <Property>
      <Property Name="UserName">user4</Property>
      <Property Name="Name">User 4</Property>
      <Property Name="Enabled">False</Property>
      <Property Name="Must Change Password at Logon">False</Property>
      <Property Name="Cannot Change Password">False</Property>
      <Property Name="Password Never Expires">False</Property>
      <Property Name="Reversible Password Encryption">False</Property>
      <Property Name="Smartcard Logon Required">False</Property>
      <Property Name="Delegation Permitted">True</Property>
      <Property Name="Kerberos DES Only">False</Property>
      <Property Name="Kerberos RC4" />
      <Property Name="Kerberos AES-128bit" />
      <Property Name="Kerberos AES-256bit" />
      <Property Name="Does Not Require Pre Auth">False</Property>
      <Property Name="Never Logged in">True</Property>
      <Property Name="Logon Age (days)" />
      <Property Name="Password Age (days)">163</Property>
      <Property Name="Dormant (&gt; 90 days)">False</Property>
      <Property Name="Password Age (&gt; 42 days)">True</Property>
      <Property Name="Account Locked Out">False</Property>
      <Property Name="Password Expired">True</Property>
      <Property Name="Password Not Required">False</Property>
      <Property Name="Delegation Type" />
      <Property Name="Delegation Protocol" />
      <Property Name="Delegation Services" />
      <Property Name="Logon Workstations" />
      <Property Name="AdminCount" />
      <Property Name="Primary GroupID">513</Property>
      <Property Name="SID">S-1-5-21-2872888145-3513486857-3924934394-1111</Property>
      <Property Name="SIDHistory">
      </Property>
      <Property Name="Description">Disabled</Property>
      <Property Name="Last Logon Date" />
      <Property Name="Password LastSet">18/03/2018 5:22:05 PM</Property>
      <Property Name="Account Expiration Date" />
      <Property Name="Account Expiration (days)" />
      <Property Name="Email" />
      <Property Name="HomeDirectory" />
      <Property Name="ProfilePath" />
      <Property Name="ScriptPath" />
      <Property Name="whenCreated">18/03/2018 5:22:05 PM</Property>
      <Property Name="whenChanged">18/03/2018 5:22:11 PM</Property>
      <Property Name="DistinguishedName">CN=User 4,OU=Lab Users,DC=sos,DC=labs</Property>
      <Property Name="CanonicalName">sos.labs/Lab Users/User 4</Property>
    </Property>
    <Property>
      <Property Name="UserName">user5</Property>
      <Property Name="Name">User 5</Property>
      <Property Name="Enabled">True</Property>
      <Property Name="Must Change Password at Logon">False</Property>
      <Property Name="Cannot Change Password">False</Property>
      <Property Name="Password Never Expires">False</Property>
      <Property Name="Reversible Password Encryption">True</Property>
      <Property Name="Smartcard Logon Required">False</Property>
      <Property Name="Delegation Permitted">True</Property>
      <Property Name="Kerberos DES Only">False</Property>
      <Property Name="Kerberos RC4" />
      <Property Name="Kerberos AES-128bit" />
      <Property Name="Kerberos AES-256bit" />
      <Property Name="Does Not Require Pre Auth">False</Property>
      <Property Name="Never Logged in">True</Property>
      <Property Name="Logon Age (days)" />
      <Property Name="Password Age (days)">163</Property>
      <Property Name="Dormant (&gt; 90 days)">False</Property>
      <Property Name="Password Age (&gt; 42 days)">True</Property>
      <Property Name="Account Locked Out">False</Property>
      <Property Name="Password Expired">True</Property>
      <Property Name="Password Not Required">False</Property>
      <Property Name="Delegation Type" />
      <Property Name="Delegation Protocol" />
      <Property Name="Delegation Services" />
      <Property Name="Logon Workstations" />
      <Property Name="AdminCount" />
      <Property Name="Primary GroupID">513</Property>
      <Property Name="SID">S-1-5-21-2872888145-3513486857-3924934394-1112</Property>
      <Property Name="SIDHistory">
      </Property>
      <Property Name="Description">Store password using Reversible Encryption</Property>
      <Property Name="Last Logon Date" />
      <Property Name="Password LastSet">18/03/2018 5:22:32 PM</Property>
      <Property Name="Account Expiration Date" />
      <Property Name="Account Expiration (days)" />
      <Property Name="Email" />
      <Property Name="HomeDirectory" />
      <Property Name="ProfilePath" />
      <Property Name="ScriptPath" />
      <Property Name="whenCreated">18/03/2018 5:22:32 PM</Property>
      <Property Name="whenChanged">18/03/2018 5:22:59 PM</Property>
      <Property Name="DistinguishedName">CN=User 5,OU=Lab Users,DC=sos,DC=labs</Property>
      <Property Name="CanonicalName">sos.labs/Lab Users/User 5</Property>
    </Property>
    <Property>
      <Property Name="UserName">user6</Property>
      <Property Name="Name">User 6</Property>
      <Property Name="Enabled">True</Property>
      <Property Name="Must Change Password at Logon">False</Property>
      <Property Name="Cannot Change Password">False</Property>
      <Property Name="Password Never Expires">False</Property>
      <Property Name="Reversible Password Encryption">False</Property>
      <Property Name="Smartcard Logon Required">False</Property>
      <Property Name="Delegation Permitted">True</Property>
      <Property Name="Kerberos DES Only">False</Property>
      <Property Name="Kerberos RC4" />
      <Property Name="Kerberos AES-128bit" />
      <Property Name="Kerberos AES-256bit" />
      <Property Name="Does Not Require Pre Auth">True</Property>
      <Property Name="Never Logged in">True</Property>
      <Property Name="Logon Age (days)" />
      <Property Name="Password Age (days)">163</Property>
      <Property Name="Dormant (&gt; 90 days)">False</Property>
      <Property Name="Password Age (&gt; 42 days)">True</Property>
      <Property Name="Account Locked Out">False</Property>
      <Property Name="Password Expired">True</Property>
      <Property Name="Password Not Required">False</Property>
      <Property Name="Delegation Type" />
      <Property Name="Delegation Protocol" />
      <Property Name="Delegation Services" />
      <Property Name="Logon Workstations" />
      <Property Name="AdminCount" />
      <Property Name="Primary GroupID">513</Property>
      <Property Name="SID">S-1-5-21-2872888145-3513486857-3924934394-1113</Property>
      <Property Name="SIDHistory">
      </Property>
      <Property Name="Description">Do not require Kerberos PreAuth</Property>
      <Property Name="Last Logon Date" />
      <Property Name="Password LastSet">18/03/2018 5:23:18 PM</Property>
      <Property Name="Account Expiration Date">16/05/2018 12:00:00 AM</Property>
      <Property Name="Account Expiration (days)">-104</Property>
      <Property Name="Email" />
      <Property Name="HomeDirectory" />
      <Property Name="ProfilePath" />
      <Property Name="ScriptPath" />
      <Property Name="whenCreated">18/03/2018 5:23:18 PM</Property>
      <Property Name="whenChanged">17/05/2018 6:41:40 PM</Property>
      <Property Name="DistinguishedName">CN=User 6,OU=Lab Users,DC=sos,DC=labs</Property>
      <Property Name="CanonicalName">sos.labs/Lab Users/User 6</Property>
    </Property>
    <Property>
      <Property Name="UserName">user</Property>
      <Property Name="Name">User</Property>
      <Property Name="Enabled">True</Property>
      <Property Name="Must Change Password at Logon">False</Property>
      <Property Name="Cannot Change Password">False</Property>
      <Property Name="Password Never Expires">True</Property>
      <Property Name="Reversible Password Encryption">False</Property>
      <Property Name="Smartcard Logon Required">False</Property>
      <Property Name="Delegation Permitted">True</Property>
      <Property Name="Kerberos DES Only">False</Property>
      <Property Name="Kerberos RC4" />
      <Property Name="Kerberos AES-128bit" />
      <Property Name="Kerberos AES-256bit" />
      <Property Name="Does Not Require Pre Auth">False</Property>
      <Property Name="Never Logged in">True</Property>
      <Property Name="Logon Age (days)" />
      <Property Name="Password Age (days)">89</Property>
      <Property Name="Dormant (&gt; 90 days)">False</Property>
      <Property Name="Password Age (&gt; 42 days)">True</Property>
      <Property Name="Account Locked Out">False</Property>
      <Property Name="Password Expired">False</Property>
      <Property Name="Password Not Required">False</Property>
      <Property Name="Delegation Type">Unconstrained</Property>
      <Property Name="Delegation Protocol">Kerberos</Property>
      <Property Name="Delegation Services">Any</Property>
      <Property Name="Logon Workstations">WIN7X86</Property>
      <Property Name="AdminCount">1</Property>
      <Property Name="Primary GroupID">513</Property>
      <Property Name="SID">S-1-5-21-2872888145-3513486857-3924934394-1115</Property>
      <Property Name="SIDHistory">
      </Property>
      <Property Name="Description">Member of Administrators</Property>
      <Property Name="Last Logon Date" />
      <Property Name="Password LastSet">31/05/2018 12:53:57 PM</Property>
      <Property Name="Account Expiration Date" />
      <Property Name="Account Expiration (days)" />
      <Property Name="Email">user@sos.labs</Property>
      <Property Name="HomeDirectory" />
      <Property Name="ProfilePath" />
      <Property Name="ScriptPath" />
      <Property Name="whenCreated">18/03/2018 5:24:26 PM</Property>
      <Property Name="whenChanged">8/08/2018 7:03:11 PM</Property>
      <Property Name="DistinguishedName">CN=User,OU=Lab Users,DC=sos,DC=labs</Property>
      <Property Name="CanonicalName">sos.labs/Lab Users/User</Property>
    </Property>
    <Property>
      <Property Name="UserName">bo</Property>
      <Property Name="Name">B O</Property>
      <Property Name="Enabled">True</Property>
      <Property Name="Must Change Password at Logon">False</Property>
      <Property Name="Cannot Change Password">False</Property>
      <Property Name="Password Never Expires">True</Property>
      <Property Name="Reversible Password Encryption">False</Property>
      <Property Name="Smartcard Logon Required">False</Property>
      <Property Name="Delegation Permitted">True</Property>
      <Property Name="Kerberos DES Only">False</Property>
      <Property Name="Kerberos RC4" />
      <Property Name="Kerberos AES-128bit" />
      <Property Name="Kerberos AES-256bit" />
      <Property Name="Does Not Require Pre Auth">False</Property>
      <Property Name="Never Logged in">True</Property>
      <Property Name="Logon Age (days)" />
      <Property Name="Password Age (days)">160</Property>
      <Property Name="Dormant (&gt; 90 days)">False</Property>
      <Property Name="Password Age (&gt; 42 days)">True</Property>
      <Property Name="Account Locked Out">False</Property>
      <Property Name="Password Expired">False</Property>
      <Property Name="Password Not Required">False</Property>
      <Property Name="Delegation Type" />
      <Property Name="Delegation Protocol" />
      <Property Name="Delegation Services" />
      <Property Name="Logon Workstations" />
      <Property Name="AdminCount">1</Property>
      <Property Name="Primary GroupID">513</Property>
      <Property Name="SID">S-1-5-21-2872888145-3513486857-3924934394-1120</Property>
      <Property Name="SIDHistory">
      </Property>
      <Property Name="Description">
      </Property>
      <Property Name="Last Logon Date" />
      <Property Name="Password LastSet">21/03/2018 4:43:23 PM</Property>
      <Property Name="Account Expiration Date">17/06/2018 12:00:00 AM</Property>
      <Property Name="Account Expiration (days)">-72</Property>
      <Property Name="Email" />
      <Property Name="HomeDirectory" />
      <Property Name="ProfilePath" />
      <Property Name="ScriptPath" />
      <Property Name="whenCreated">21/03/2018 4:43:23 PM</Property>
      <Property Name="whenChanged">17/05/2018 7:25:30 PM</Property>
      <Property Name="DistinguishedName">CN=B O,OU=Priv Accounts,DC=sos,DC=labs</Property>
      <Property Name="CanonicalName">sos.labs/Priv Accounts/B O</Property>
    </Property>
    <Property>
      <Property Name="UserName">cp</Property>
      <Property Name="Name">C P</Property>
      <Property Name="Enabled">True</Property>
      <Property Name="Must Change Password at Logon">False</Property>
      <Property Name="Cannot Change Password">True</Property>
      <Property Name="Password Never Expires">True</Property>
      <Property Name="Reversible Password Encryption">False</Property>
      <Property Name="Smartcard Logon Required">True</Property>
      <Property Name="Delegation Permitted">True</Property>
      <Property Name="Kerberos DES Only">True</Property>
      <Property Name="Kerberos RC4" />
      <Property Name="Kerberos AES-128bit" />
      <Property Name="Kerberos AES-256bit" />
      <Property Name="Does Not Require Pre Auth">False</Property>
      <Property Name="Never Logged in">True</Property>
      <Property Name="Logon Age (days)" />
      <Property Name="Password Age (days)">160</Property>
      <Property Name="Dormant (&gt; 90 days)">False</Property>
      <Property Name="Password Age (&gt; 42 days)">True</Property>
      <Property Name="Account Locked Out">False</Property>
      <Property Name="Password Expired">False</Property>
      <Property Name="Password Not Required">False</Property>
      <Property Name="Delegation Type" />
      <Property Name="Delegation Protocol" />
      <Property Name="Delegation Services" />
      <Property Name="Logon Workstations" />
      <Property Name="AdminCount" />
      <Property Name="Primary GroupID">513</Property>
      <Property Name="SID">S-1-5-21-2872888145-3513486857-3924934394-1121</Property>
      <Property Name="SIDHistory">
      </Property>
      <Property Name="Description">
      </Property>
      <Property Name="Last Logon Date" />
      <Property Name="Password LastSet">21/03/2018 4:44:16 PM</Property>
      <Property Name="Account Expiration Date" />
      <Property Name="Account Expiration (days)" />
      <Property Name="Email" />
      <Property Name="HomeDirectory" />
      <Property Name="ProfilePath" />
      <Property Name="ScriptPath" />
      <Property Name="whenCreated">21/03/2018 4:44:16 PM</Property>
      <Property Name="whenChanged">8/08/2018 7:01:44 PM</Property>
      <Property Name="DistinguishedName">CN=C P,OU=Priv Accounts,DC=sos,DC=labs</Property>
      <Property Name="CanonicalName">sos.labs/Priv Accounts/C P</Property>
    </Property>
    <Property>
      <Property Name="UserName">co</Property>
      <Property Name="Name">C O</Property>
      <Property Name="Enabled">True</Property>
      <Property Name="Must Change Password at Logon">False</Property>
      <Property Name="Cannot Change Password">True</Property>
      <Property Name="Password Never Expires">True</Property>
      <Property Name="Reversible Password Encryption">False</Property>
      <Property Name="Smartcard Logon Required">False</Property>
      <Property Name="Delegation Permitted">True</Property>
      <Property Name="Kerberos DES Only">False</Property>
      <Property Name="Kerberos RC4" />
      <Property Name="Kerberos AES-128bit" />
      <Property Name="Kerberos AES-256bit" />
      <Property Name="Does Not Require Pre Auth">False</Property>
      <Property Name="Never Logged in">True</Property>
      <Property Name="Logon Age (days)" />
      <Property Name="Password Age (days)">160</Property>
      <Property Name="Dormant (&gt; 90 days)">False</Property>
      <Property Name="Password Age (&gt; 42 days)">True</Property>
      <Property Name="Account Locked Out">False</Property>
      <Property Name="Password Expired">False</Property>
      <Property Name="Password Not Required">False</Property>
      <Property Name="Delegation Type" />
      <Property Name="Delegation Protocol" />
      <Property Name="Delegation Services" />
      <Property Name="Logon Workstations">DC1</Property>
      <Property Name="AdminCount" />
      <Property Name="Primary GroupID">513</Property>
      <Property Name="SID">S-1-5-21-2872888145-3513486857-3924934394-1122</Property>
      <Property Name="SIDHistory">
      </Property>
      <Property Name="Description">Log On To configured</Property>
      <Property Name="Last Logon Date" />
      <Property Name="Password LastSet">21/03/2018 4:45:13 PM</Property>
      <Property Name="Account Expiration Date" />
      <Property Name="Account Expiration (days)" />
      <Property Name="Email" />
      <Property Name="HomeDirectory" />
      <Property Name="ProfilePath" />
      <Property Name="ScriptPath" />
      <Property Name="whenCreated">21/03/2018 4:45:13 PM</Property>
      <Property Name="whenChanged">8/08/2018 7:02:49 PM</Property>
      <Property Name="DistinguishedName">CN=C O,OU=Priv Accounts,DC=sos,DC=labs</Property>
      <Property Name="CanonicalName">sos.labs/Priv Accounts/C O</Property>
    </Property>
    <Property>
      <Property Name="UserName">backdoor</Property>
      <Property Name="Name">Back Door</Property>
      <Property Name="Enabled">True</Property>
      <Property Name="Must Change Password at Logon">False</Property>
      <Property Name="Cannot Change Password">False</Property>
      <Property Name="Password Never Expires">True</Property>
      <Property Name="Reversible Password Encryption">False</Property>
      <Property Name="Smartcard Logon Required">False</Property>
      <Property Name="Delegation Permitted">True</Property>
      <Property Name="Kerberos DES Only">False</Property>
      <Property Name="Kerberos RC4" />
      <Property Name="Kerberos AES-128bit" />
      <Property Name="Kerberos AES-256bit" />
      <Property Name="Does Not Require Pre Auth">False</Property>
      <Property Name="Never Logged in">True</Property>
      <Property Name="Logon Age (days)" />
      <Property Name="Password Age (days)">160</Property>
      <Property Name="Dormant (&gt; 90 days)">False</Property>
      <Property Name="Password Age (&gt; 42 days)">True</Property>
      <Property Name="Account Locked Out">False</Property>
      <Property Name="Password Expired">False</Property>
      <Property Name="Password Not Required">False</Property>
      <Property Name="Delegation Type" />
      <Property Name="Delegation Protocol" />
      <Property Name="Delegation Services" />
      <Property Name="Logon Workstations" />
      <Property Name="AdminCount">1</Property>
      <Property Name="Primary GroupID">512</Property>
      <Property Name="SID">S-1-5-21-2872888145-3513486857-3924934394-1123</Property>
      <Property Name="SIDHistory">S-1-5-21-2872888145-3513486857-3924934394-512</Property>
      <Property Name="Description">Administrator password is P@ssw0rd!</Property>
      <Property Name="Last Logon Date" />
      <Property Name="Password LastSet">21/03/2018 4:45:55 PM</Property>
      <Property Name="Account Expiration Date">13/08/2018 12:00:00 AM</Property>
      <Property Name="Account Expiration (days)">-15</Property>
      <Property Name="Email">backdoor@sos.labs</Property>
      <Property Name="HomeDirectory" />
      <Property Name="ProfilePath" />
      <Property Name="ScriptPath" />
      <Property Name="whenCreated">21/03/2018 4:45:55 PM</Property>
      <Property Name="whenChanged">8/08/2018 6:59:50 PM</Property>
      <Property Name="DistinguishedName">CN=Back Door,OU=Priv Accounts,DC=sos,DC=labs</Property>
      <Property Name="CanonicalName">sos.labs/Priv Accounts/Back Door</Property>
    </Property>
    <Property>
      <Property Name="UserName">sshd</Property>
      <Property Name="Name">sshd</Property>
      <Property Name="Enabled">True</Property>
      <Property Name="Must Change Password at Logon">False</Property>
      <Property Name="Cannot Change Password">False</Property>
      <Property Name="Password Never Expires">True</Property>
      <Property Name="Reversible Password Encryption">False</Property>
      <Property Name="Smartcard Logon Required">False</Property>
      <Property Name="Delegation Permitted">True</Property>
      <Property Name="Kerberos DES Only">False</Property>
      <Property Name="Kerberos RC4" />
      <Property Name="Kerberos AES-128bit" />
      <Property Name="Kerberos AES-256bit" />
      <Property Name="Does Not Require Pre Auth">False</Property>
      <Property Name="Never Logged in">True</Property>
      <Property Name="Logon Age (days)" />
      <Property Name="Password Age (days)">160</Property>
      <Property Name="Dormant (&gt; 90 days)">False</Property>
      <Property Name="Password Age (&gt; 42 days)">True</Property>
      <Property Name="Account Locked Out">False</Property>
      <Property Name="Password Expired">False</Property>
      <Property Name="Password Not Required">False</Property>
      <Property Name="Delegation Type" />
      <Property Name="Delegation Protocol" />
      <Property Name="Delegation Services" />
      <Property Name="Logon Workstations" />
      <Property Name="AdminCount" />
      <Property Name="Primary GroupID">513</Property>
      <Property Name="SID">S-1-5-21-2872888145-3513486857-3924934394-1124</Property>
      <Property Name="SIDHistory">
      </Property>
      <Property Name="Description">
      </Property>
      <Property Name="Last Logon Date" />
      <Property Name="Password LastSet">21/03/2018 5:48:25 PM</Property>
      <Property Name="Account Expiration Date" />
      <Property Name="Account Expiration (days)" />
      <Property Name="Email" />
      <Property Name="HomeDirectory" />
      <Property Name="ProfilePath" />
      <Property Name="ScriptPath" />
      <Property Name="whenCreated">21/03/2018 5:48:25 PM</Property>
      <Property Name="whenChanged">21/03/2018 5:48:25 PM</Property>
      <Property Name="DistinguishedName">CN=sshd,CN=Users,DC=sos,DC=labs</Property>
      <Property Name="CanonicalName">sos.labs/Users/sshd</Property>
    </Property>
  </Object>
</Objects>